Ronaldo,94,Portugal,Manchester United
Messi,94,Argentina,Paris Saint-Germain
Suárez,91,Uruguay,Atlético Madrid
Hazard,91,Belgium,Real Madrid
De Bruyne,91,Belgium,Manchester City
Modrić,91,Croatia,Real Madrid
Kroos,90,Germany,Real Madrid
Kane,90,England,Tottenham Hotspur
Lewandowski,90,Poland,FC Bayern München
Godín,90,Uruguay,Atlético Madrid
Chiellini,90,Italy,Juventus
Oblak,90,Slovenia,Atlético Madrid
Dybala,89,Argentina,Juventus
Agüero,89,Argentina,Manchester City
Salah,89,Egypt,Liverpool
ter Stegen,89,Germany,FC Barcelona
Kanté,89,France,Chelsea
Cavani,89,Uruguay,Paris Saint-Germain
Griezmann,89,France,Atlético Madrid
Neuer,89,Germany,FC Bayern München
Courtois,89,Belgium,Real Madrid
Eriksen,88,Denmark,Tottenham Hotspur
Mbappé,88,France,Paris Saint-Germain
van Dijk,88,Netherlands,Liverpool
Hummels,88,Germany,FC Bayern München
Koulibaly,88,Senegal,Napoli
Reus,88,Germany,Borussia Dortmund
Bale,88,Wales,Real Madrid
Aubameyang,88,Gabon,Arsenal
Lloris,88,France,Tottenham Hotspur
Handanovič,88,Slovenia,Inter
Buffon,88,Italy,Paris Saint-Germain
Pogba,88,France,Manchester United
Insigne,88,Italy,Napoli
Mertens,87,Belgium,Napoli
Rodríguez,87,Colombia,FC Bayern München
Vertonghen,87,Belgium,Tottenham Hotspur
Immobile,87,Italy,Lazio
Rakitić,87,Croatia,FC Barcelona
Sterling,87,England,Manchester City
Navas,87,Costa Rica,Real Madrid
Icardi,87,Argentina,Inter
Umtiti,87,France,FC Barcelona
Alderweireld,87,Belgium,Tottenham Hotspur
Higuaín,87,Argentina,Chelsea
Sané,86,Germany,Manchester City
Benzema,86,France,Real Madrid
Varane,86,France,Real Madrid
Kimmich,86,Germany,FC Bayern München
Lukaku,86,Belgium,Manchester United
Pjanić,86,Bosnia Herzegovina,Juventus
Mané,86,Senegal,Liverpool
Bonucci,86,Italy,Juventus
Müller,86,Germany,FC Bayern München
Verratti,86,Italy,Paris Saint-Germain
Szczęsny,86,Poland,Juventus
Škriniar,86,Slovakia,Inter
Boateng,85,Germany,FC Bayern München
Mahrez,85,Algeria,Manchester City
Džeko,85,Bosnia Herzegovina,Roma
Milinković-Savić,85,Serbia,Lazio
Alli,85,England,Tottenham Hotspur
Ibrahimović,85,Sweden,LA Galaxy
Di María,85,Argentina,Paris Saint-Germain
Brahimi,85,Algeria,FC Porto
Kompany,85,Belgium,Manchester City
Özil,85,Germany,Arsenal
Mandžukić,85,Croatia,Juventus
Perišić,85,Croatia,Inter
Nainggolan,85,Belgium,Inter
Laporte,85,France,Manchester City
Vidal,85,Chile,FC Barcelona
Matuidi,85,France,Juventus
Son,85,Korea Republic,Tottenham Hotspur
Manolas,85,Greece,Roma
Lacazette,85,France,Arsenal
Witsel,85,Belgium,Borussia Dortmund
Lopes,85,Portugal,Olympique Lyonnais
Khedira,84,Germany,Juventus
Ziyech,84,Morocco,Ajax
Perin,84,Italy,Juventus
Fekir,84,France,Olympique Lyonnais
Otamendi,84,Argentina,Manchester City
Ruffier,84,France,AS Saint-Étienne
Giménez,84,Uruguay,Atlético Madrid
Matić,84,Serbia,Manchester United
Sánchez,84,Colombia,Tottenham Hotspur
Banega,84,Argentina,Sevilla FC
Depay,84,Netherlands,Olympique Lyonnais
Sommer,84,Switzerland,Borussia Mönchengladbach
Süle,84,Germany,FC Bayern München
Gündoğan,84,Germany,Manchester City
Sánchez,84,Chile,Manchester United
Thauvin,84,France,Olympique de Marseille
Walker,84,England,Manchester City
Werner,84,Germany,RB Leipzig
Alaba,84,Austria,FC Bayern München
Hrádecký,84,Finland,Bayer 04 Leverkusen
Robben,84,Netherlands,FC Bayern München
Cuadrado,84,Colombia,Juventus
Dembélé,84,France,FC Barcelona
Gómez,84,Argentina,Atalanta
de Vrij,84,Netherlands,Inter
Bürki,84,Switzerland,Borussia Dortmund
Martial,84,France,Manchester United
Bender,83,Germany,Bayer 04 Leverkusen
Horn,83,Germany,1. FC Köln
Carrasco,83,Belgium,Belgium
Payet,83,France,Olympique de Marseille
Wijnaldum,83,Netherlands,Liverpool
Kampl,83,Slovenia,RB Leipzig
de Ligt,83,Netherlands,Ajax
Donnarumma,83,Italy,Milan
Savić,83,Montenegro,Atlético Madrid
Jarstein,83,Norway,Hertha BSC
Draxler,83,Germany,Paris Saint-Germain
Barzagli,83,Italy,Juventus
Stones,83,England,Manchester City
Leno,83,Germany,Arsenal
Ribéry,83,France,FC Bayern München
Hernández,83,France,Atlético Madrid
Kovačić,83,Croatia,Chelsea
Robertson,83,Scotland,Liverpool
De Rossi,83,Italy,Roma
Pickford,83,England,Everton
Tolisso,83,France,FC Bayern München
Gnabry,83,Germany,FC Bayern München
Kolarov,83,Serbia,Roma
Gueye,83,Senegal,Everton
Casteels,83,Belgium,VfL Wolfsburg
Romagnoli,83,Italy,Milan
Kramarić,83,Croatia,TSG 1899 Hoffenheim
Promes,83,Netherlands,Sevilla FC
Višća,83,Bosnia Herzegovina,Medipol Başakşehir FK
Lemar,83,France,Atlético Madrid
Dost,83,Netherlands,Sporting CP
Rabiot,83,France,Paris Saint-Germain
Keïta,83,Guinea,Liverpool
Kimpembe,83,France,Paris Saint-Germain
Baumann,83,Germany,TSG 1899 Hoffenheim
Rashford,83,England,Manchester United
Coman,83,France,FC Bayern München
Hazard,83,Belgium,Borussia Mönchengladbach
Acerbi,83,Italy,Lazio
Goretzka,83,Germany,FC Bayern München
Sirigu,83,Italy,Torino
Schmeichel,83,Denmark,Leicester City
Quagliarella,82,Italy,Sampdoria
Vardy,82,England,Leicester City
Sané,82,Senegal,FC Schalke 04
Ben Yedder,82,France,Sevilla FC
Biglia,82,Argentina,Milan
Guardado,82,Mexico,Real Betis
Coates,82,Uruguay,Uruguay
Kruse,82,Germany,SV Werder Bremen
Lingard,82,England,Manchester United
Gaitán,82,Argentina,Dalian YiFang FC
Fazio,82,Argentina,Roma
Maguire,82,England,Leicester City
Arnautović,82,Austria,West Ham United
Tah,82,Germany,Bayer 04 Leverkusen
Glik,82,Poland,AS Monaco
Lo Celso,82,Argentina,Real Betis
Milik,82,Poland,Napoli
Haller,82,France,Eintracht Frankfurt
Trippier,82,England,Tottenham Hotspur
Martínez,82,Venezuela,Atlanta United
Mkhitaryan,82,Armenia,Arsenal
Bakambu,82,DR Congo,Beijing Sinobo Guoan FC
Strootman,82,Netherlands,Olympique de Marseille
Dembélé,82,Belgium,Belgium
Mustafi,82,Germany,Arsenal
Koscielny,82,France,Arsenal
Demirbay,82,Germany,TSG 1899 Hoffenheim
Pavlenka,82,Czech Republic,SV Werder Bremen
Subašić,82,Croatia,AS Monaco
Parolo,82,Italy,Lazio
Garay,82,Argentina,Valencia CF
Viviano,82,Italy,SPAL
Lozano,82,Mexico,PSV
Vázquez,82,Argentina,Sevilla FC
Zaha,82,Ivory Coast,Crystal Palace
Lecomte,82,France,Montpellier HSC
de Jong,82,Netherlands,Ajax
Meunier,82,Belgium,Paris Saint-Germain
Belotti,82,Italy,Torino
Gulácsi,82,Hungary,RB Leipzig
Cillessen,82,Netherlands,FC Barcelona
Shaqiri,82,Switzerland,Liverpool
Balotelli,82,Italy,Olympique de Marseille
Politano,82,Italy,Inter
Delaney,82,Denmark,Borussia Dortmund
Čech,82,Czech Republic,Arsenal
Henderson,82,England,Liverpool
Giroud,82,France,Chelsea
Rugani,82,Italy,Juventus
Herrera,82,Mexico,Mexico
Bernardeschi,82,Italy,Juventus
Ćorluka,82,Croatia,Lokomotiv Moscow
Strakosha,82,Albania,Lazio
Partey,82,Ghana,Atlético Madrid
Mandanda,82,France,Olympique de Marseille
Bonaventura,82,Italy,Milan
Fährmann,82,Germany,FC Schalke 04
Giovinco,82,Italy,Italy
Torreira,82,Uruguay,Arsenal
Rüdiger,82,Germany,Chelsea
Forsberg,82,Sweden,RB Leipzig
Zieliński,82,Poland,Napoli
Ramsey,82,Wales,Arsenal
Sigurðsson,82,Iceland,Everton
Bellarabi,82,Germany,Bayer 04 Leverkusen
Lenglet,82,France,FC Barcelona
Florenzi,82,Italy,Roma
Consigli,82,Italy,Sassuolo
Tadić,81,Serbia,Ajax
Jović,81,Serbia,Eintracht Frankfurt
Stindl,81,Germany,Borussia Mönchengladbach
Plea,81,France,Borussia Mönchengladbach
Havertz,81,Germany,Bayer 04 Leverkusen
Guerreiro,81,Portugal,Borussia Dortmund
Höwedes,81,Germany,Lokomotiv Moscow
Fabiański,81,Poland,West Ham United
Ginter,81,Germany,Borussia Mönchengladbach
Vrsaljko,81,Croatia,Inter
Nastasić,81,Serbia,FC Schalke 04
Gomis,81,France,Al Hilal
Boateng,81,Ghana,FC Barcelona
Ghoulam,81,Algeria,Napoli
Stuani,81,Uruguay,Girona FC
Bailly,81,Ivory Coast,Manchester United
Milner,81,England,Liverpool
Sabitzer,81,Austria,RB Leipzig
Areola,81,France,Paris Saint-Germain
Vogt,81,Germany,TSG 1899 Hoffenheim
Nzonzi,81,France,Roma
Fejsa,81,Serbia,SL Benfica
Kjær,81,Denmark,Sevilla FC
Vela,81,Mexico,Los Angeles FC
Rose,81,England,Tottenham Hotspur
Zaza,81,Italy,Torino
Ndidi,81,Nigeria,Leicester City
Brozović,81,Croatia,Inter
Almirón,81,Paraguay,Newcastle United
Bakayoko,81,France,Milan
Muslera,81,Uruguay,Galatasaray SK
Trapp,81,Germany,Eintracht Frankfurt
Kondogbia,81,Central African Rep.,Valencia CF
Piszczek,81,Poland,Borussia Dortmund
Iličić,81,Slovenia,Atalanta
El Shaarawy,81,Italy,Roma
Xhaka,81,Switzerland,Arsenal
Volland,81,Germany,Bayer 04 Leverkusen
Digne,81,France,Everton
Bender,81,Germany,Bayer 04 Leverkusen
Roussillon,81,France,VfL Wolfsburg
Corona,81,Mexico,Mexico
Mendy,81,France,Manchester City
Doucouré,81,France,Watford
Lindelöf,81,Sweden,Manchester United
Kramer,81,Germany,Borussia Mönchengladbach
Correa,81,Argentina,Atlético Madrid
Salvio,81,Argentina,SL Benfica
Aránguiz,81,Chile,Bayer 04 Leverkusen
Lamela,81,Argentina,Tottenham Hotspur
Schulz,81,Germany,TSG 1899 Hoffenheim
Lovren,81,Croatia,Liverpool
Brandt,81,Germany,Bayer 04 Leverkusen
Akanji,81,Switzerland,Borussia Dortmund
Pastore,81,Argentina,Roma
Verdi,81,Italy,Napoli
Bailey,81,Jamaica,Bayer 04 Leverkusen
Götze,81,Germany,Borussia Dortmund
Mathieu,81,France,Sporting CP
Smolov,81,Russia,Lokomotiv Moscow
Marega,81,Mali,FC Porto
Oxlade-Chamberlain,80,England,Liverpool
Ulreich,80,Germany,FC Bayern München
Aurier,80,Ivory Coast,Tottenham Hotspur
Valbuena,80,France,Fenerbahçe SK
M'Vila,80,France,AS Saint-Étienne
Rooney,80,England,DC United
Criscito,80,Italy,Genoa
Sanson,80,France,Olympique de Marseille
Bergwijn,80,Netherlands,PSV
Muriel,80,Colombia,Fiorentina
Musacchio,80,Argentina,Milan
Granqvist,80,Sweden,Sweden
Vecino,80,Uruguay,Inter
Baldé,80,Senegal,Inter
Christensen,80,Denmark,Chelsea
Modeste,80,France,1. FC Köln
Mandi,80,Algeria,Real Betis
Murillo,80,Colombia,FC Barcelona
Onana,80,Cameroon,Ajax
Blind,80,Netherlands,Ajax
Hysaj,80,Albania,Napoli
Vaclík,80,Czech Republic,Sevilla FC
Batshuayi,80,Belgium,Crystal Palace
Yarmolenko,80,Ukraine,West Ham United
Bacca,80,Colombia,Villarreal CF
Zahavi,80,Israel,Guangzhou R&F FC
Dier,80,England,Tottenham Hotspur
Acuña,80,Argentina,Argentina
Gignac,80,France,Tigres U.A.N.L.
Perrin,80,France,AS Saint-Étienne
Rodríguez,80,Switzerland,Milan
Vida,80,Croatia,Beşiktaş JK
Seri,80,Ivory Coast,Fulham
Valeri,80,Argentina,Portland Timbers
Toprak,80,Turkey,Borussia Dortmund
Quintero,80,Colombia,Colombia
Ryan,80,Australia,Brighton & Hove Albion
Paredes,80,Argentina,Paris Saint-Germain
Gameiro,80,France,Valencia CF
Sorrentino,80,Italy,Chievo Verona
Škrtel,80,Slovakia,Fenerbahçe SK
Akinfeev,80,Russia,PFC CSKA Moscow
Balbuena,80,Paraguay,West Ham United
Matip,80,Cameroon,Liverpool
Inui,80,Japan,Deportivo Alavés
Çalhanoğlu,80,Turkey,Milan
Zoet,80,Netherlands,PSV
Perotti,80,Argentina,Roma
Lanzini,80,Argentina,West Ham United
de Jong,80,Netherlands,PSV
Pépé,80,Ivory Coast,LOSC Lille
Piatti,80,Argentina,Montreal Impact
Didavi,80,Germany,VfB Stuttgart
Guilavogui,80,France,VfL Wolfsburg
Rami,80,France,Olympique de Marseille
López,80,Argentina,Racing Club
Mascherano,80,Argentina,Hebei China Fortune FC
Nkoulou,80,Cameroon,Torino
Aboubakar,80,Cameroon,Cameroon
Pereyra,80,Argentina,Watford
Can,80,Germany,Juventus
Stepanenko,80,Ukraine,Shakhtar Donetsk
Fernández,80,Argentina,Beijing Renhe FC
Tătăruşanu,80,Romania,FC Nantes
Kadeřábek,80,Czech Republic,TSG 1899 Hoffenheim
Ndombele,80,France,Olympique Lyonnais
Rulli,80,Argentina,Real Sociedad
Weigl,80,Germany,Borussia Dortmund
Tagliafico,80,Argentina,Ajax
Dahoud,80,Germany,Borussia Dortmund
Caldara,80,Italy,Milan
Gómez,80,Uruguay,RC Celta
Pezzella,80,Argentina,Fiorentina
Rebić,80,Croatia,Eintracht Frankfurt
Birsa,80,Slovenia,Cagliari
Armani,80,Argentina,Argentina
Shaw,80,England,Manchester United
Aké,80,Netherlands,Bournemouth
Denisov,80,Russia,Lokomotiv Moscow
Davies,80,Wales,Tottenham Hotspur
Candreva,80,Italy,Inter
Kagawa,80,Japan,Beşiktaş JK
Radu,80,Romania,Lazio
Butland,80,England,Stoke City
Poulsen,80,Denmark,RB Leipzig
Romero,80,Argentina,Manchester United
Smalling,80,England,Manchester United
Aouar,80,France,Olympique Lyonnais
Coquelin,79,France,Valencia CF
Masiello,79,Italy,Atalanta
Babel,79,Netherlands,Fulham
Benedetto,79,Argentina,Boca Juniors
Hübner,79,Germany,TSG 1899 Hoffenheim
Clyne,79,England,Bournemouth
Capoue,79,France,Watford
Arias,79,Colombia,Atlético Madrid
Walcott,79,England,Everton
Hasebe,79,Japan,Eintracht Frankfurt
Wernbloom,79,Sweden,PAOK
Gbamin,79,Ivory Coast,1. FSV Mainz 05
Pavard,79,France,VfB Stuttgart
Bounou,79,Morocco,Girona FC
Ben Arfa,79,France,Stade Rennais FC
Cervi,79,Argentina,SL Benfica
Hector,79,Germany,1. FC Köln
Hofmann,79,Germany,Borussia Mönchengladbach
Sidibé,79,France,AS Monaco
Zieler,79,Germany,VfB Stuttgart
Dendoncker,79,Belgium,Wolverhampton Wanderers
Boudebouz,79,Algeria,RC Celta
Tarkowski,79,England,Burnley
Rekik,79,Netherlands,Hertha BSC
Berghuis,79,Netherlands,Feyenoord
Sancho,79,England,Borussia Dortmund
Pope,79,England,Burnley
Alario,79,Argentina,Bayer 04 Leverkusen
Feddal,79,Morocco,Real Betis
Winks,79,England,Tottenham Hotspur
Rojo,79,Argentina,Manchester United
Demme,79,Germany,RB Leipzig
Pizarro,79,Argentina,Tigres U.A.N.L.
Uth,79,Germany,FC Schalke 04
Tsygankov,79,Ukraine,Dynamo Kyiv
Alexander-Arnold,79,England,Liverpool
Feghouli,79,Algeria,Galatasaray SK
Brooks,79,United States,VfL Wolfsburg
Kessié,79,Ivory Coast,Milan
Correa,79,Argentina,Lazio
Tousart,79,France,Olympique Lyonnais
Belhanda,79,Morocco,Galatasaray SK
Klaassen,79,Netherlands,SV Werder Bremen
Coleman,79,Republic of Ireland,Everton
Belözoğlu,79,Turkey,Medipol Başakşehir FK
Gregoritsch,79,Austria,FC Augsburg
Vanaken,79,Belgium,Club Brugge KV
Stambouli,79,France,FC Schalke 04
Smolnikov,79,Russia,Russia
Rongier,79,France,FC Nantes
Valencia,79,Ecuador,Manchester United
Hernández,79,Mexico,West Ham United
Kalou,79,Ivory Coast,Hertha BSC
Asamoah,79,Ghana,Inter
Sturridge,79,England,Liverpool
Eggestein,79,Germany,SV Werder Bremen
Costil,79,France,FC Girondins de Bordeaux
Toko-Ekambi,79,Cameroon,Villarreal CF
Gouweleeuw,79,Netherlands,FC Augsburg
Martínez,79,Argentina,Inter
Delph,79,England,Manchester City
Lavezzi,79,Argentina,Hebei China Fortune FC
Defour,79,Belgium,Burnley
Guðmundsson,79,Iceland,Burnley
Marcone,79,Argentina,Boca Juniors
Jovetić,79,Montenegro,AS Monaco
Lerma,79,Colombia,Bournemouth
Barkley,79,England,Chelsea
Dabbur,79,Israel,FC Red Bull Salzburg
Caligiuri,79,Italy,FC Schalke 04
Wilson,79,England,Bournemouth
Campaña,79,Uruguay,Uruguay
Gómez,79,Germany,VfB Stuttgart
Kehrer,79,Germany,Paris Saint-Germain
Nasri,79,France,West Ham United
Ospina,79,Colombia,Napoli
Yılmaz,79,Turkey,Beşiktaş JK
Orban,79,Hungary,RB Leipzig
Diallo,79,France,Borussia Dortmund
Dúbravka,79,Slovakia,Newcastle United
Zouma,79,France,Everton
Baselli,79,Italy,Torino
Verbič,79,Slovenia,Dynamo Kyiv
Badelj,79,Croatia,Lazio
Rudy,79,Germany,FC Schalke 04
Dmitrović,79,Serbia,SD Eibar
Wanyama,79,Kenya,Tottenham Hotspur
Mendy,79,France,Olympique Lyonnais
Martínez,79,Argentina,Atlanta United
Ljajić,79,Serbia,Beşiktaş JK
Veretout,79,France,Fiorentina
Young,79,England,Manchester United
Hitz,79,Switzerland,Borussia Dortmund
Chiesa,79,Italy,Fiorentina
Zappacosta,79,Italy,Chelsea
Cahill,79,England,Chelsea
Pavón,79,Argentina,Boca Juniors
Khazri,79,Tunisia,AS Saint-Étienne
Lallana,79,England,Liverpool
Kalinić,79,Croatia,Atlético Madrid
Zobnin,79,Russia,Spartak Moscow
Keane,79,England,Everton
Zapata,79,Colombia,Atalanta
Finnbogason,79,Iceland,FC Augsburg
Vestergaard,79,Denmark,Southampton
Lunev,79,Russia,Russia
Jones,79,England,Manchester United
Schweinsteiger,79,Germany,Chicago Fire
Ramírez,79,Uruguay,Sampdoria
Mercado,79,Argentina,Sevilla FC
Wass,79,Denmark,Valencia CF
Medel,79,Chile,Beşiktaş JK
Foster,79,England,Watford
Pratto,79,Argentina,River Plate
Pellegrini,79,Italy,Roma
Sakho,79,France,Crystal Palace
Saint-Maximin,79,France,OGC Nice
Wilshere,79,England,West Ham United
Januzaj,79,Belgium,Real Sociedad
Heaton,79,England,Burnley
Karius,79,Germany,Beşiktaş JK
Milivojević,79,Serbia,Crystal Palace
Kolašinac,79,Bosnia Herzegovina,Arsenal
Chiricheş,78,Romania,Napoli
Cheryshev,78,Russia,Valencia CF
Trebel,78,France,RSC Anderlecht
Lens,78,Netherlands,Beşiktaş JK
van Persie,78,Netherlands,Feyenoord
Vlachodimos,78,Greece,Greece
Bravo,78,Chile,Manchester City
Mee,78,England,Burnley
Tosun,78,Turkey,Everton
Honda,78,Japan,Melbourne Victory
Tomkins,78,England,Crystal Palace
Loftus-Cheek,78,England,Chelsea
Srna,78,Croatia,Cagliari
Fraser,78,Scotland,Bournemouth
Pavoletti,78,Italy,Cagliari
Jiménez,78,Mexico,Wolverhampton Wanderers
Holebas,78,Greece,Watford
Junuzović,78,Austria,FC Red Bull Salzburg
Pulisic,78,United States,Borussia Dortmund
Tielemans,78,Belgium,Leicester City
Benítez,78,Argentina,OGC Nice
Lafont,78,France,Fiorentina
Al Soma,78,Syria,Al Ahli
Sanabria,78,Paraguay,Genoa
Bentaleb,78,Algeria,FC Schalke 04
Selikhov,78,Russia,Spartak Moscow
Harit,78,Morocco,FC Schalke 04
Defrel,78,France,Sampdoria
Marušić,78,Montenegro,Lazio
Berardi,78,Italy,Sassuolo
Lascelles,78,England,Newcastle United
De Sciglio,78,Italy,Juventus
Iwobi,78,Nigeria,Arsenal
Dunk,78,England,Brighton & Hove Albion
Golovin,78,Russia,AS Monaco
Cook,78,England,Bournemouth
Simeone,78,Argentina,Fiorentina
Meza,78,Argentina,Argentina
Elvedi,78,Switzerland,Borussia Mönchengladbach
Stark,78,Germany,Hertha BSC
Mina,78,Colombia,Everton
Cyprien,78,France,OGC Nice
Philipp,78,Germany,Borussia Dortmund
Djené,78,Togo,Getafe CF
Malinovskyi,78,Ukraine,KRC Genk
Pallois,78,France,FC Nantes
Barella,78,Italy,Cagliari
Gomez,78,England,Liverpool
García,78,Uruguay,Godoy Cruz
Díaz,78,Argentina,Boca Juniors
Lees-Melou,78,France,OGC Nice
Chilwell,78,England,Leicester City
Lazzari,78,Italy,SPAL
Hakimi,78,Morocco,Borussia Dortmund
Samassékou,78,Mali,FC Red Bull Salzburg
Ünder,78,Turkey,Roma
Barrios,78,Colombia,Colombia
Maksimović,78,Serbia,Napoli
Sportiello,78,Italy,Frosinone
Mitrović,78,Serbia,Fulham
Lobotka,78,Slovakia,RC Celta
Dubois,78,France,Olympique Lyonnais
Weghorst,78,Netherlands,VfL Wolfsburg
Calabria,78,Italy,Milan
Schindler,78,Germany,Huddersfield Town
Debuchy,78,France,AS Saint-Étienne
Konoplyanka,78,Ukraine,FC Schalke 04
Mojica,78,Colombia,Girona FC
Laxalt,78,Uruguay,Milan
Battaglia,78,Argentina,Argentina
Hinteregger,78,Austria,Eintracht Frankfurt
Baumgartlinger,78,Austria,Bayer 04 Leverkusen
Karnezis,78,Greece,Napoli
Hart,78,England,Burnley
Hernández,78,Mexico,Cruz Azul
Ginczek,78,Germany,VfL Wolfsburg
Sisto,78,Denmark,RC Celta
Cáceres,78,Uruguay,Juventus
Kurzawa,78,France,Paris Saint-Germain
Farfán,78,Peru,Lokomotiv Moscow
Boly,78,France,Wolverhampton Wanderers
Shelvey,78,England,Newcastle United
Aguilar,78,France,Montpellier HSC
Fajr,78,Morocco,Stade Malherbe Caen
Cristante,78,Italy,Roma
Arnold,78,Germany,VfL Wolfsburg
Gradel,78,Ivory Coast,Toulouse Football Club
Saponara,78,Italy,Sampdoria
Traoré,78,Burkina Faso,Olympique Lyonnais
Abraham,78,Argentina,Eintracht Frankfurt
Olsen,78,Sweden,Roma
Mirallas,78,Belgium,Fiorentina
Reynet,78,France,Toulouse Football Club
Trossard,78,Belgium,KRC Genk
Hernández,78,Chile,Chile
Meyer,78,Germany,Crystal Palace
Moses,78,Nigeria,Fenerbahçe SK
Vormer,78,Netherlands,Club Brugge KV
Izquierdoz,78,Argentina,Boca Juniors
Lala,78,France,RC Strasbourg Alsace
Lemina,78,Gabon,Southampton
Schneiderlin,78,France,Everton
Antonio,78,England,West Ham United
Kostić,78,Serbia,Eintracht Frankfurt
Mooy,78,Australia,Huddersfield Town
Vilhena,78,Netherlands,Feyenoord
Cragno,78,Italy,Cagliari
Schwolow,78,Germany,SC Freiburg
Halstenberg,78,Germany,RB Leipzig
Bentancur,78,Uruguay,Juventus
Bertrand,78,England,Southampton
Begović,78,Bosnia Herzegovina,Bournemouth
Kongolo,78,Netherlands,Huddersfield Town
Amiri,78,Germany,TSG 1899 Hoffenheim
Alessandrini,78,France,LA Galaxy
Gagliardini,78,Italy,Inter
Dzyuba,78,Russia,Russia
Bittencourt,78,Germany,TSG 1899 Hoffenheim
Denayer,78,Belgium,Olympique Lyonnais
Pröpper,78,Netherlands,Brighton & Hove Albion
Elyounoussi,78,Norway,Southampton
Baier,78,Germany,FC Augsburg
Cabella,78,France,AS Saint-Étienne
Carrillo,78,Peru,Peru
Laborde,78,France,Montpellier HSC
Sakai,78,Japan,Olympique de Marseille
Fortounis,78,Greece,Olympiacos CFP
Castro,78,Argentina,Cagliari
da Costa,78,Germany,Eintracht Frankfurt
Hernández,77,France,Real Sociedad
Layún,77,Mexico,Mexico
Paletta,77,Italy,Jiangsu Suning FC
Bardhi,77,FYR Macedonia,Levante UD
Ábila,77,Argentina,Boca Juniors
Kamano,77,Guinea,FC Girondins de Bordeaux
Ochoa,77,Mexico,Standard de Liège
Rodríguez,77,Argentina,Club América
Higuaín,77,Argentina,Columbus Crew SC
Hoarau,77,France,BSC Young Boys
Schöpf,77,Austria,FC Schalke 04
Diop,77,Senegal,SD Eibar
Lichtsteiner,77,Switzerland,Arsenal
Ferreyra,77,Argentina,RCD Espanyol
Maripán,77,Chile,Deportivo Alavés
Aziz,77,Turkey,Fenerbahçe SK
Barák,77,Czech Republic,Udinese
van de Beek,77,Netherlands,Ajax
Rondón,77,Venezuela,Newcastle United
Acosta,77,Argentina,DC United
Dragović,77,Austria,Bayer 04 Leverkusen
Ansaldi,77,Argentina,Torino
Johnson,77,United States,Borussia Mönchengladbach
Andone,77,Romania,Brighton & Hove Albion
Dembélé,77,France,Olympique Lyonnais
Hughes,77,England,Watford
Pereiro,77,Uruguay,PSV
Pérez,77,Paraguay,RCD Espanyol
Funes Mori,77,Argentina,Villarreal CF
Ocampos,77,Argentina,Olympique de Marseille
Wolf,77,Germany,Borussia Dortmund
Ristovski,77,FYR Macedonia,Sporting CP
Sanogo,77,Ivory Coast,Al Ittihad
Bourigeaud,77,France,Stade Rennais FC
Wood,77,New Zealand,Burnley
Chadli,77,Belgium,AS Monaco
Giaccherini,77,Italy,Chievo Verona
Klostermann,77,Germany,RB Leipzig
Darida,77,Czech Republic,Hertha BSC
Pyatov,77,Ukraine,Shakhtar Donetsk
Ritchie,77,Scotland,Newcastle United
Inglese,77,Italy,Parma
Abate,77,Italy,Milan
Choupo-Moting,77,Cameroon,Paris Saint-Germain
Janmaat,77,Netherlands,Watford
González,77,Costa Rica,Bologna
Doherty,77,Republic of Ireland,Wolverhampton Wanderers
Orellana,77,Chile,SD Eibar
Hendrix,77,Netherlands,PSV
Maddison,77,England,Leicester City
Kohr,77,Germany,Bayer 04 Leverkusen
Gabbiadini,77,Italy,Sampdoria
Groß,77,Germany,Brighton & Hove Albion
Valdivia,77,Chile,Colo-Colo
Cork,77,England,Burnley
Latza,77,Germany,1. FSV Mainz 05
Bertolacci,77,Italy,Milan
Sand,77,Argentina,Club Atlético Lanús
Meïté,77,France,Torino
Kuzyaev,77,Russia,Russia
Albrighton,77,England,Leicester City
Max,77,Germany,FC Augsburg
Aquino,77,Mexico,Tigres U.A.N.L.
Mollet,77,France,Montpellier HSC
Lustenberger,77,Switzerland,Hertha BSC
Bebou,77,Togo,Hannover 96
Prijović,77,Serbia,Al Ittihad
dos Santos,77,Mexico,LA Galaxy
Mitroglou,77,Greece,Galatasaray SK
Chichizola,77,Argentina,Getafe CF
Villar,77,Paraguay,Paraguay
Højbjerg,77,Denmark,Southampton
Tévez,77,Argentina,Boca Juniors
Mancuello,77,Argentina,Deportivo Toluca
Jørgensen,77,Denmark,Feyenoord
Martin,77,France,RC Strasbourg Alsace
Moukandjo,77,Cameroon,Jiangsu Suning FC
De Paul,77,Argentina,Udinese
Caicedo,77,Ecuador,Lazio
Lukaku,77,Belgium,Lazio
Murray,77,England,Brighton & Hove Albion
McCarthy,77,England,Southampton
Krovinović,77,Croatia,SL Benfica
Müller,77,Germany,Hannover 96
Sels,77,Belgium,RC Strasbourg Alsace
Pulgar,77,Chile,Bologna
Sarr,77,Senegal,Stade Rennais FC
Rincón,77,Venezuela,Torino
Basta,77,Serbia,Lazio
Ekdal,77,Sweden,Sampdoria
Chandler,77,United States,Eintracht Frankfurt
Bou,77,Argentina,Club Tijuana
Dossevi,77,Togo,Toulouse Football Club
Guzmán,77,Argentina,Tigres U.A.N.L.
Vermaelen,77,Belgium,FC Barcelona
Schøne,77,Denmark,Ajax
Borré,77,Colombia,River Plate
Palacio,77,Argentina,Bologna
Schürrle,77,Germany,Fulham
Kucka,77,Slovakia,Parma
Piccini,77,Italy,Valencia CF
Lasagna,77,Italy,Udinese
Terodde,77,Germany,1. FC Köln
Szymanowski,77,Argentina,CD Leganés
Cvitanich,77,Argentina,Racing Club
Odjidja-Ofoe,77,Belgium,KAA Gent
Elia,77,Netherlands,Medipol Başakşehir FK
Carcela-González,77,Morocco,Standard de Liège
Plattenhardt,77,Germany,Hertha BSC
Welbeck,77,England,Arsenal
Ogbonna,77,Italy,West Ham United
Gutiérrez,77,Colombia,Junior FC
Soriano,77,Italy,Bologna
Sio,77,Ivory Coast,Côte d'Ivoire
Augustinsson,77,Sweden,SV Werder Bremen
McCarthy,77,Republic of Ireland,Everton
Vasin,77,Russia,PFC CSKA Moscow
Sánchez,77,Colombia,West Ham United
Radovanović,77,Serbia,Genoa
Origi,77,Belgium,Liverpool
Gudelj,77,Serbia,Sporting CP
Yokuşlu,77,Turkey,RC Celta
Gigliotti,77,Argentina,Deportivo Toluca
Pejčinović,77,Serbia,Changchun Yatai FC
Upamecano,77,France,RB Leipzig
Gutiérrez,77,Mexico,PSV
Guidetti,77,Sweden,Deportivo Alavés
Augustin,77,France,RB Leipzig
Boufal,77,Morocco,RC Celta
Lang,77,Switzerland,Borussia Mönchengladbach
Jahanbakhsh,77,Iran,Brighton & Hove Albion
Bičakčić,77,Bosnia Herzegovina,TSG 1899 Hoffenheim
Jørgensen,77,Denmark,Huddersfield Town
Berge,77,Norway,KRC Genk
Dzhikiya,77,Russia,Spartak Moscow
Fischer,77,Denmark,FC København
Mbabu,77,Switzerland,Switzerland
Donatti,77,Argentina,Racing Club
Buonanotte,77,Argentina,Universidad Católica
Mehmedi,77,Switzerland,VfL Wolfsburg
Herrmann,77,Germany,Borussia Mönchengladbach
Spinazzola,77,Italy,Juventus
Selke,77,Germany,Hertha BSC
Ibišević,77,Bosnia Herzegovina,Hertha BSC
Schmelzer,77,Germany,Borussia Dortmund
Shibasaki,77,Japan,Getafe CF
Mbodji,77,Senegal,RSC Anderlecht
Cartabia,77,Argentina,Deportivo de La Coruña
Ünal,77,Turkey,Real Valladolid CF
Delort,77,France,Montpellier HSC
Živković,77,Serbia,SL Benfica
Lainer,77,Austria,Austria
Izzo,77,Italy,Torino
Abdulrahman,77,United Arab Emirates,Al Hilal
Papadopoulos,77,Greece,Hamburger SV
De Maio,77,France,Udinese
Elneny,77,Egypt,Arsenal
Zakaria,77,Switzerland,Borussia Mönchengladbach
Suárez,77,Uruguay,Getafe CF
Ascacíbar,77,Argentina,VfB Stuttgart
Sambueza,77,Argentina,Club León
Tonelli,77,Italy,Sampdoria
Clichy,77,France,Medipol Başakşehir FK
Akbaba,77,Turkey,Galatasaray SK
Poli,77,Italy,Bologna
Sydorchuk,77,Ukraine,Dynamo Kyiv
Grenier,77,France,Stade Rennais FC
Zárate,77,Argentina,Boca Juniors
Nakamba,77,Zimbabwe,Club Brugge KV
Schick,77,Czech Republic,Roma
Benassi,77,Italy,Fiorentina
Natcho,77,Israel,Olympiacos CFP
Ayew,77,Ghana,Fenerbahçe SK
Ortíz,77,Paraguay,Paraguay
Klavan,77,Estonia,Cagliari
Jagielka,77,England,Everton
Jansson,77,Sweden,Leeds United
Grillitsch,77,Austria,TSG 1899 Hoffenheim
Espinosa,77,Colombia,Girona FC
André,77,France,Stade Rennais FC
Anton,77,Germany,Hannover 96
Skhiri,77,Tunisia,Montpellier HSC
Civelli,77,Argentina,Club Atlético Banfield
Samatta,77,Tanzania,KRC Genk
Lowton,77,England,Burnley
Ighalo,77,Nigeria,Shanghai Greenland Shenhua FC
Tete,77,Netherlands,Olympique Lyonnais
Diop,77,France,West Ham United
Defoe,77,England,Rangers FC
Pinola,77,Argentina,River Plate
Ward-Prowse,77,England,Southampton
Džemaili,77,Switzerland,Bologna
Babacan,77,Turkey,Medipol Başakşehir FK
El Ahmadi,77,Morocco,Al Ittihad
Füllkrug,77,Germany,Hannover 96
Calleri,77,Argentina,Deportivo Alavés
Strobl,77,Germany,Borussia Mönchengladbach
Huntelaar,77,Netherlands,Ajax
Suchý,77,Czech Republic,FC Basel 1893
Tasci,77,Germany,Medipol Başakşehir FK
Fabra,77,Colombia,Boca Juniors
Cook,77,England,Bournemouth
Wendt,77,Sweden,Borussia Mönchengladbach
Freuler,77,Switzerland,Atalanta
Centurión,77,Argentina,Racing Club
Maidana,77,Argentina,Deportivo Toluca
De Guzmán,77,Netherlands,Eintracht Frankfurt
Cutrone,77,Italy,Milan
Garmash,77,Ukraine,Dynamo Kyiv
Marchesín,77,Argentina,Argentina
Weiser,77,Germany,Bayer 04 Leverkusen
Miranchuk,77,Russia,Lokomotiv Moscow
Pereira,77,Uruguay,FC Porto
Escalante,77,Argentina,SD Eibar
Gurtner,77,France,Amiens SC
Harnik,77,Austria,SV Werder Bremen
Pérez,77,Argentina,Independiente
Grifo,77,Italy,SC Freiburg
Podolski,77,Germany,Vissel Kobe
Domínguez,77,Argentina,Racing Club
Petagna,76,Italy,SPAL
Piątek,76,Poland,Milan
Eysseric,76,France,FC Nantes
Guilbert,76,France,Stade Malherbe Caen
Karamoh,76,France,FC Girondins de Bordeaux
Thomasson,76,France,RC Strasbourg Alsace
Tierney,76,Scotland,Celtic
Koziello,76,France,1. FC Köln
Ndiaye Diedhiou,76,Senegal,Getafe CF
Roncaglia,76,Argentina,Valencia CF
Aguilar,76,Paraguay,Cruz Azul
Sarr,76,France,Olympique de Marseille
Mvogo,76,Switzerland,RB Leipzig
Morgan,76,Jamaica,Leicester City
Durmisi,76,Denmark,Lazio
Kobayashi,76,Japan,Kawasaki Frontale
Cathcart,76,Northern Ireland,Watford
Fabián,76,Mexico,Philadelphia Union
Brizuela,76,Mexico,Guadalajara
Andersen,76,Denmark,Sampdoria
Hetemaj,76,Finland,Chievo Verona
Höger,76,Germany,1. FC Köln
Sliti,76,Tunisia,Dijon FCO
Arambarri,76,Uruguay,Getafe CF
Gigot,76,France,Spartak Moscow
Nkunku,76,France,Paris Saint-Germain
Tekin,76,Turkey,Fenerbahçe SK
Insúa,76,Argentina,VfB Stuttgart
Yedlin,76,United States,Newcastle United
Domingo,76,Argentina,Independiente
Wan-Bissaka,76,England,Crystal Palace
Tait,76,France,Angers SCO
Bradley,76,United States,Toronto FC
Morrison,76,England,Östersunds FK
Dawson,76,England,West Bromwich Albion
Cano,76,Argentina,Independiente Medellín
Danjuma Groeneveld,76,Netherlands,Club Brugge KV
Aholou,76,Ivory Coast,AS Monaco
Hegazi,76,Egypt,West Bromwich Albion
Trejo,76,Argentina,Rayo Vallecano
Mechele,76,Belgium,Club Brugge KV
Schlager,76,Austria,Austria
Praet,76,Belgium,Sampdoria
Colley,76,Gambia,Sampdoria
Topal,76,Turkey,Fenerbahçe SK
Orozco,76,Mexico,Santos Laguna
McArthur,76,Scotland,Crystal Palace
Blas,76,France,En Avant de Guingamp
El Zhar,76,Morocco,CD Leganés
Brekalo,76,Croatia,VfL Wolfsburg
Pjaca,76,Croatia,Fiorentina
Moreno,76,Colombia,Club Atlético Talleres
Duda,76,Slovakia,Hertha BSC
Forrest,76,Scotland,Celtic
Hunt,76,Germany,Hamburger SV
Guiñazú,76,Argentina,Club Atlético Talleres
Diakhaby,76,France,Valencia CF
Allen,76,Wales,Stoke City
Bustos,76,Argentina,Independiente
Embolo,76,Switzerland,FC Schalke 04
Castillo,76,Chile,Chile
Quintero,76,Colombia,Minnesota United FC
Bamba,76,Ivory Coast,Cardiff City
Gentner,76,Germany,VfB Stuttgart
Konaté,76,France,RB Leipzig
Kouyaté,76,Senegal,Crystal Palace
Badstuber,76,Germany,VfB Stuttgart
Palacios,76,Argentina,River Plate
Borges,76,Costa Rica,Göztepe SK
Diaby,76,Mali,Sporting CP
Christodoulopoulos,76,Greece,Olympiacos CFP
Tshabalala,76,South Africa,BB Erzurumspor
Gebre Selassie,76,Czech Republic,SV Werder Bremen
Rode,76,Germany,Eintracht Frankfurt
Mangala,76,France,Manchester City
Rupp,76,Germany,TSG 1899 Hoffenheim
Di Francesco,76,Italy,Sassuolo
Boyko,76,Ukraine,Dynamo Kyiv
Bargfrede,76,Germany,SV Werder Bremen
Conti,76,Argentina,SL Benfica
Dumfries,76,Netherlands,PSV
Ings,76,England,Southampton
Sosa,76,Argentina,Trabzonspor
Holgate,76,England,West Bromwich Albion
Zurutuza,76,France,Real Sociedad
Palomino,76,Argentina,Atalanta
Vargas,76,Colombia,Deportivo Cali
Rashica,76,Kosovo,SV Werder Bremen
Noble,76,England,West Ham United
Blandi,76,Argentina,San Lorenzo de Almagro
Benković,76,Croatia,Celtic
Niang,76,Senegal,Stade Rennais FC
Phillips,76,Scotland,West Bromwich Albion
Fernández,76,Argentina,Newcastle United
Martínez,76,Colombia,Portimonense SC
Benteke,76,Belgium,Crystal Palace
Riveros,76,Paraguay,Paraguay
Santon,76,Italy,Roma
Ordets,76,Ukraine,Shakhtar Donetsk
Doumbia,76,Ivory Coast,Girona FC
López,76,Argentina,Boca Juniors
Baines,76,England,Everton
Vázquez,76,Mexico,Santos Laguna
Lössl,76,Denmark,Huddersfield Town
Clasie,76,Netherlands,Feyenoord
Brown,76,Scotland,Celtic
Castro,76,Germany,VfB Stuttgart
Borini,76,Italy,Milan
Reyes,76,Mexico,CD Leganés
Izquierdo,76,Colombia,Brighton & Hove Albion
Çolak,76,Turkey,Al Wehda
Uribe,76,Colombia,Colombia
Esser,76,Germany,Hannover 96
Germain,76,France,Olympique de Marseille
Acheampong,76,Ghana,Tianjin TEDA FC
Langkamp,76,Germany,SV Werder Bremen
Barnes,76,Austria,Burnley
Livaja,76,Croatia,AEK Athens
Andrada,76,Argentina,Boca Juniors
Behrami,76,Switzerland,Udinese
Nagy,76,Hungary,Bologna
Malcuit,76,France,Napoli
D'Ambrosio,76,Italy,Inter
Dočkal,76,Czech Republic,Sparta Praha
Berisha,76,Kosovo,Lazio
Rodriguez,76,England,West Bromwich Albion
Fernández,76,Argentina,Racing Club
Holding,76,England,Arsenal
Salibur,76,France,AS Saint-Étienne
Simon,76,Nigeria,Levante UD
Chalobah,76,England,Watford
Henrichs,76,Germany,AS Monaco
Belluschi,76,Argentina,San Lorenzo de Almagro
Kraft,76,Germany,Hertha BSC
Rusnák,76,Slovakia,Real Salt Lake
Gomis,76,Senegal,SPAL
Sabaly,76,Senegal,FC Girondins de Bordeaux
Ruidíaz,76,Peru,Seattle Sounders FC
Nández,76,Uruguay,Uruguay
El Kaddouri,76,Morocco,PAOK
Opara,76,United States,Minnesota United FC
Clark,76,Republic of Ireland,Newcastle United
de Roon,76,Netherlands,Atalanta
Dzsudzsák,76,Hungary,Hungary
Proto,76,Belgium,Lazio
Erkin,76,Turkey,Beşiktaş JK
Dolberg,76,Denmark,Ajax
Gayle,76,England,West Bromwich Albion
Zuber,76,Switzerland,VfB Stuttgart
Brosinski,76,Germany,1. FSV Mainz 05
Zuffi,76,Switzerland,FC Basel 1893
Westwood,76,England,Burnley
van Aanholt,76,Netherlands,Crystal Palace
Lunin,76,Ukraine,CD Leganés
Rodríguez,76,Argentina,Club Atlético Colón
Knoche,76,Germany,VfL Wolfsburg
Steffen,76,Switzerland,VfL Wolfsburg
Kalinić,76,Croatia,Aston Villa
Snodgrass,76,Scotland,West Ham United
Paschalakis,76,Greece,PAOK
Salcedo,76,Mexico,Tigres U.A.N.L.
Brady,76,Republic of Ireland,Burnley
Unnerstall,76,Germany,VVV-Venlo
Baumgartl,76,Germany,VfB Stuttgart
Biraghi,76,Italy,Fiorentina
Souček,76,Czech Republic,SK Slavia Praha
Grealish,76,England,Aston Villa
Romero,76,Paraguay,Shanghai Greenland Shenhua FC
Viergever,76,Netherlands,PSV
Cresswell,76,England,West Ham United
Cabral,76,Argentina,RC Celta
Antenucci,76,Italy,SPAL
Reid,76,New Zealand,West Ham United
Santamaria,76,France,Angers SCO
Pelkas,76,Greece,PAOK
Zagadou,76,France,Borussia Dortmund
Gnagnon,76,France,Sevilla FC
Koubek,76,Czech Republic,Stade Rennais FC
Montero,76,Colombia,Vancouver Whitecaps FC
Neuhaus,76,Germany,Borussia Mönchengladbach
Zabaleta,76,Argentina,West Ham United
Maignan,76,France,LOSC Lille
Bocchetti,76,Italy,Spartak Moscow
Denswil,76,Netherlands,Club Brugge KV
Halilović,76,Croatia,Standard de Liège
Funes Mori,76,Argentina,Monterrey
Pašalić,76,Croatia,Atalanta
Valencia,76,Ecuador,Ecuador
Nordtveit,76,Norway,Fulham
Gaćinović,76,Serbia,Eintracht Frankfurt
Kverkvelia,76,Georgia,Lokomotiv Moscow
Ranocchia,76,Italy,Inter
Taïder,76,Algeria,Montreal Impact
Balanta,76,Colombia,FC Basel 1893
Hutchinson,76,Canada,Beşiktaş JK
Moralez,76,Argentina,New York City FC
Austin,76,England,Southampton
Morel,76,Madagascar,Olympique Lyonnais
Touré,76,France,FC Nantes
Gönül,76,Turkey,Beşiktaş JK
Paloschi,76,Italy,SPAL
Gerhardt,76,Germany,VfL Wolfsburg
Knockaert,76,France,Brighton & Hove Albion
Veltman,76,Netherlands,Ajax
Sansone,76,Italy,Bologna
Turan,76,Turkey,Medipol Başakşehir FK
Seferović,76,Switzerland,Switzerland
Ayew,76,Ghana,Crystal Palace
Caputo,76,Italy,Empoli
Locatelli,76,Italy,Sassuolo
Hanni,76,Algeria,Spartak Moscow
Monconduit,76,France,Amiens SC
Mukiele,76,France,RB Leipzig
Willems,76,Netherlands,Eintracht Frankfurt
Lennon,76,England,Burnley
Veljković,76,Serbia,SV Werder Bremen
Belfodil,76,Algeria,TSG 1899 Hoffenheim
Stephens,76,England,Brighton & Hove Albion
Smith,76,England,Bournemouth
Vainqueur,76,France,AS Monaco
Casco,76,Argentina,River Plate
Popov,76,Bulgaria,Bulgaria
Grujić,76,Serbia,Hertha BSC
Soumaoro,76,France,LOSC Lille
Diawara,76,Guinea,Napoli
Hamouma,76,France,AS Saint-Étienne
Stöger,76,Austria,Fortuna Düsseldorf
Cleverley,76,England,Watford
Bell,76,Germany,1. FSV Mainz 05
Linetty,76,Poland,Sampdoria
N'Diaye,76,Senegal,Málaga CF
Yazıcı,76,Turkey,Trabzonspor
Lopez,76,France,Olympique de Marseille
Oczipka,76,Germany,FC Schalke 04
Valverde,76,Uruguay,Real Madrid
Benítez,76,Argentina,Independiente
Vorm,76,Netherlands,Tottenham Hotspur
Toivonen,76,Sweden,Melbourne Victory
Laimer,76,Austria,RB Leipzig
Bamba,76,France,LOSC Lille
Marin,76,Romania,Standard de Liège
Skorupski,76,Poland,Bologna
Mendy,76,France,Leicester City
Bartels,76,Germany,SV Werder Bremen
Jankto,76,Czech Republic,Sampdoria
Szalai,76,Hungary,TSG 1899 Hoffenheim
Duarte,76,Costa Rica,RCD Espanyol
Onyekuru,76,Nigeria,Galatasaray SK
Moreno,76,Colombia,Shanghai Greenland Shenhua FC
Skjelbred,76,Norway,Hertha BSC
Carroll,76,England,West Ham United
Töre,76,Turkey,Beşiktaş JK
Teodorczyk,76,Poland,Udinese
Rogić,76,Australia,Celtic
Cuadrado,76,Colombia,Atlético Nacional
Pizarro,76,Mexico,Monterrey
Vargas,76,Chile,Tigres U.A.N.L.
Heintz,76,Germany,SC Freiburg
Vukčević,76,Montenegro,Levante UD
Magallán,76,Argentina,Ajax
Ndiaye,76,Senegal,Galatasaray SK
Jedvaj,76,Croatia,Bayer 04 Leverkusen
Hérelle,76,France,OGC Nice
Darmian,76,Italy,Manchester United
Widmer,76,Switzerland,FC Basel 1893
Haidara,76,Mali,RB Leipzig
Ōsako,76,Japan,SV Werder Bremen
Villanueva,76,Chile,Al Ittihad
Meret,76,Italy,Napoli
Locadia,76,Netherlands,Brighton & Hove Albion
Gray,76,England,Watford
Blanco,76,Argentina,Portland Timbers
Sigali,76,Argentina,Racing Club
Nguyen,76,United States,Los Angeles FC
Alonso,76,Cuba,Minnesota United FC
Chygrynskyi,76,Ukraine,AEK Athens
Mantalos,76,Greece,AEK Athens
Diamanti,76,Italy,Livorno
Slimani,76,Algeria,Fenerbahçe SK
Klaus,76,Germany,VfL Wolfsburg
Samaris,76,Greece,SL Benfica
Hopf,76,Sweden,MKE Ankaragücü
Djiku,76,France,Stade Malherbe Caen
Mutō,76,Japan,Newcastle United
Hogg,76,England,Huddersfield Town
Acosta,76,Argentina,Club Atlético Lanús
Osorio,75,Venezuela,Venezuela
Mas,75,Argentina,Boca Juniors
Janssen,75,Netherlands,Tottenham Hotspur
Luyindama,75,DR Congo,Galatasaray SK
Gazzaniga,75,Argentina,Tottenham Hotspur
Lasne,75,France,Montpellier HSC
Zambrano,75,Peru,FC Basel 1893
Johnstone,75,England,West Bromwich Albion
Vietto,75,Argentina,Fulham
Ring,75,Finland,New York City FC
Hamdallah,75,Morocco,Al Nassr
Gibbs,75,England,West Bromwich Albion
Ricca,75,Uruguay,Málaga CF
González,75,Argentina,Club Tijuana
Ayala,75,Mexico,Tigres U.A.N.L.
Hansen,75,Norway,Rosenborg BK
Holtby,75,Germany,Hamburger SV
Serero,75,South Africa,Vitesse
Maupay,75,France,Brentford
El Khayati,75,Netherlands,ADO Den Haag
Schär,75,Switzerland,Newcastle United
Rodríguez,75,Uruguay,Uruguay
Savanier,75,France,Nîmes Olympique
Jones,75,Australia,Al Nassr
Konan,75,Ivory Coast,Stade de Reims
Rius,75,Argentina,Defensa y Justicia
Thomas,75,France,Angers SCO
Calvert-Lewin,75,England,Everton
Roa,75,Colombia,Club Atlético Huracán
Atal,75,Algeria,OGC Nice
Davies,75,England,Everton
Toornstra,75,Netherlands,Feyenoord
Mounié,75,Benin,Huddersfield Town
Capelle,75,France,Angers SCO
Ikoné,75,France,LOSC Lille
Drmić,75,Switzerland,Borussia Mönchengladbach
Caruzzo,75,Argentina,Rosario Central
Coco,75,France,En Avant de Guingamp
Mazraoui,75,Morocco,Ajax
Babacar,75,Senegal,Sassuolo
Ribas,75,Uruguay,Club Atlético Lanús
Baysse,75,France,Stade Malherbe Caen
McGregor,75,Scotland,Rangers FC
Sessegnon,75,England,Fulham
Altidore,75,United States,Toronto FC
Elabdellaoui,75,Norway,Olympiacos CFP
Blake,75,Jamaica,Philadelphia Union
Ilsanker,75,Austria,RB Leipzig
Martínez,75,Paraguay,Club Atlas
Pérez,75,Colombia,Independiente Santa Fe
Congré,75,France,Montpellier HSC
Benzia,75,Algeria,Fenerbahçe SK
Hennessey,75,Wales,Crystal Palace
Padt,75,Netherlands,FC Groningen
Zeegelaar,75,Netherlands,Udinese
Cissé,75,Senegal,Alanyaspor
Fritzler,75,Argentina,Club Atlético Colón
Falk,75,Denmark,FC København
Conti,75,Italy,Milan
Kolodziejczak,75,France,AS Saint-Étienne
Kakuta,75,DR Congo,Rayo Vallecano
Damm,75,Mexico,Tigres U.A.N.L.
Nkoudou,75,France,AS Monaco
Maksimović,75,Serbia,Getafe CF
Saracchi,75,Uruguay,RB Leipzig
Carrillo,75,Argentina,CD Leganés
Koundé,75,France,FC Girondins de Bordeaux
De Silvestri,75,Italy,Torino
Budescu,75,Romania,Al Shabab
Donk,75,Netherlands,Galatasaray SK
Barreca,75,Italy,Newcastle United
Benaglio,75,Switzerland,AS Monaco
Franco,75,Argentina,Independiente
Rossettini,75,Italy,Chievo Verona
Kurtić,75,Slovenia,SPAL
Viviani,75,Italy,Frosinone
Nikolić,75,Hungary,Chicago Fire
Haraguchi,75,Japan,Hannover 96
Feilhaber,75,United States,Colorado Rapids
Bruma,75,Netherlands,FC Schalke 04
Ayoub,75,Morocco,Feyenoord
Amian,75,France,Toulouse Football Club
Akhmedov,75,Uzbekistan,Shanghai SIPG FC
Hernández,75,Uruguay,PFC CSKA Moscow
Vokes,75,Wales,Stoke City
Wakaso,75,Ghana,Vitória Guimarães
Vangioni,75,Argentina,Monterrey
Brooks,75,Wales,Bournemouth
Audero,75,Italy,Sampdoria
Maier,75,Germany,Hertha BSC
Chará,75,Colombia,Portland Timbers
Ntep,75,Cameroon,VfL Wolfsburg
Grassi,75,Italy,Parma
Imbula,75,France,Rayo Vallecano
Schaub,75,Austria,1. FC Köln
Amavi,75,France,Olympique de Marseille
Potuk,75,Turkey,Fenerbahçe SK
Tschauner,75,Germany,FC Ingolstadt 04
Rajković,75,Serbia,Palermo
Hernández,75,Colombia,Atlético Nacional
Poulain,75,France,Club Brugge KV
Kerbrat,75,France,En Avant de Guingamp
Cáceres,75,Paraguay,Paraguay
Silvestre,75,Italy,Empoli
Norwood,75,Northern Ireland,Sheffield United
Rønnow,75,Denmark,Eintracht Frankfurt
Khedira,75,Germany,FC Augsburg
Risse,75,Germany,1. FC Köln
Frei,75,Switzerland,FC Basel 1893
Araújo,75,Mexico,RC Celta
Rodríguez,75,Argentina,Newell's Old Boys
Quaison,75,Sweden,1. FSV Mainz 05
Durm,75,Germany,Huddersfield Town
Steffen,75,United States,Columbus Crew SC
Armstrong,75,Scotland,Southampton
Bronn,75,Tunisia,KAA Gent
Billiat,75,Zimbabwe,Kaizer Chiefs
Machís,75,Venezuela,Cádiz CF
Cabaco,75,Uruguay,Levante UD
Stoch,75,Slovakia,SK Slavia Praha
van Beek,75,Netherlands,Feyenoord
Braithwaite,75,Denmark,CD Leganés
Ghoddos,75,Iran,Amiens SC
Agu,75,Nigeria,Vitória de Setúbal
Gazinskiy,75,Russia,Russia
Morelos,75,Colombia,Rangers FC
Koné,75,Ivory Coast,RC Strasbourg Alsace
Bongonda,75,Belgium,SV Zulte-Waregem
Arslan,75,Germany,Fenerbahçe SK
Furch,75,Argentina,Santos Laguna
Cristóforo,75,Uruguay,Getafe CF
Şahiner,75,Turkey,Atiker Konyaspor
Traoré,75,Ivory Coast,Angers SCO
Hernández,75,Mexico,Pachuca
Dimata,75,Belgium,RSC Anderlecht
Hendrick,75,Republic of Ireland,Burnley
Ademi,75,FYR Macedonia,Dinamo Zagreb
Petrović,75,Serbia,Sporting CP
Kádár,75,Hungary,Dynamo Kyiv
Butelle,75,France,Angers SCO
Rog,75,Croatia,Sevilla FC
Lodygin,75,Russia,Olympiacos CFP
Gutiérrez,75,Chile,Sporting Kansas City
Ninković,75,Serbia,Sydney FC
Lerager,75,Denmark,Genoa
Refaelov,75,Israel,Royal Antwerp FC
Tarasov,75,Russia,Lokomotiv Moscow
Zajc,75,Slovenia,Fenerbahçe SK
Stanislas,75,England,Bournemouth
Jallet,75,France,OGC Nice
Redmond,75,England,Southampton
Okazaki,75,Japan,Leicester City
Kamara,75,Norway,LA Galaxy
Karsdorp,75,Netherlands,Roma
Valdés,75,Chile,Chile
Gonalons,75,France,Sevilla FC
Jensen,75,Denmark,RC Celta
Guarín,75,Colombia,Shanghai Greenland Shenhua FC
Butko,75,Ukraine,Shakhtar Donetsk
Cigarini,75,Italy,Cagliari
Musa,75,Nigeria,Al Nassr
Morozyuk,75,Ukraine,Çaykur Rizespor
Schennikov,75,Russia,PFC CSKA Moscow
Foket,75,Belgium,Stade de Reims
Briand,75,France,FC Girondins de Bordeaux
Foden,75,England,Manchester City
Kahveci,75,Turkey,Medipol Başakşehir FK
Rolán,75,Uruguay,Deportivo Alavés
Théréau,75,France,Cagliari
Valdez,75,Paraguay,Club América
Konaté,75,Senegal,Amiens SC
Thomas,75,New Zealand,PSV
Kluivert,75,Netherlands,Roma
Tau,75,South Africa,South Africa
Boruc,75,Poland,Bournemouth
Larsson,75,Sweden,Feyenoord
Urretaviscaya,75,Uruguay,Monterrey
Aït Bennasser,75,Morocco,AS Saint-Étienne
Bernardoni,75,France,Nîmes Olympique
Mounier,75,France,Panathinaikos FC
Isla,75,Chile,Fenerbahçe SK
Brenet,75,Netherlands,TSG 1899 Hoffenheim
Skov,75,Denmark,FC København
Otero,75,Venezuela,Venezuela
McKennie,75,United States,FC Schalke 04
Tavernier,75,England,Rangers FC
Kalu,75,Nigeria,FC Girondins de Bordeaux
Masuaku,75,DR Congo,West Ham United
Duncan,75,Ghana,Sassuolo
Sturaro,75,Italy,Genoa
Buyalskyi,75,Ukraine,Dynamo Kyiv
Arter,75,Republic of Ireland,Cardiff City
Sarr,75,France,OGC Nice
Fernández,75,Argentina,River Plate
Hateboer,75,Netherlands,Atalanta
Balogun,75,Nigeria,Brighton & Hove Albion
Niederlechner,75,Germany,SC Freiburg
Schwegler,75,Switzerland,Hannover 96
Pearson,75,England,Preston North End
Hanin,75,France,Vitória Guimarães
Deaux,75,France,En Avant de Guingamp
Günter,75,Germany,SC Freiburg
Onazi,75,Nigeria,Trabzonspor
Dummett,75,Wales,Newcastle United
Özcan,75,Austria,Bayer 04 Leverkusen
Montero,75,Ecuador,West Bromwich Albion
Murillo,75,Colombia,Colombia
Zelarayán,75,Argentina,Tigres U.A.N.L.
Umar,75,Nigeria,Çaykur Rizespor
Kelly,75,England,Crystal Palace
Diagne,75,Senegal,Galatasaray SK
Ferrari,75,Italy,Sassuolo
Dann,75,England,Crystal Palace
Pavlović,75,Croatia,Angers SCO
Surman,75,England,Bournemouth
Badu,75,Ghana,Udinese
Kainz,75,Austria,1. FC Köln
Vermeer,75,Netherlands,Feyenoord
Solari,75,Argentina,Racing Club
Bonera,75,Italy,Villarreal CF
Quiñones,75,Colombia,Tigres U.A.N.L.
Leckie,75,Australia,Hertha BSC
Radoja,75,Serbia,RC Celta
Amadou,75,France,Sevilla FC
Abraham,75,England,Aston Villa
Mæhle,75,Denmark,KRC Genk
Donsah,75,Ghana,Bologna
Pabón,75,Colombia,Monterrey
Krejčí,75,Czech Republic,Bologna
Sinclair,75,England,Celtic
Jokič,75,Slovenia,Slovenia
Sánchez,75,Argentina,Monterrey
Marchetti,75,Italy,Genoa
Thuram,75,France,En Avant de Guingamp
Romero,75,Argentina,Independiente
Flamini,75,France,Getafe CF
Ignatiev,75,Russia,Lokomotiv Moscow
Mitrović,75,Serbia,RC Strasbourg Alsace
Hansen,75,Denmark,FC Midtjylland
Idrissi,75,Morocco,AZ Alkmaar
Didillon,75,France,RSC Anderlecht
Kums,75,Belgium,RSC Anderlecht
Akpoguma,75,Germany,Hannover 96
Jantschke,75,Germany,Borussia Mönchengladbach
Suárez,75,Argentina,River Plate
Moretti,75,Italy,Torino
Stanciu,75,Romania,Romania
Caballero,75,Argentina,Chelsea
Klose,75,Switzerland,Norwich City
Behrens,75,Germany,1. FC Nürnberg
Taylor,75,England,Burnley
Torres,75,Colombia,Albacete BP
Saravia,75,Argentina,Argentina
Cornet,75,Ivory Coast,Olympique Lyonnais
Schnatterer,75,Germany,1. FC Heidenheim 1846
Lukebakio,75,Belgium,Fortuna Düsseldorf
Gray,75,England,Leicester City
Lookman,75,England,Everton
Labyad,75,Morocco,Ajax
Destro,75,Italy,Bologna
Mbokani,75,DR Congo,Royal Antwerp FC
Terrier,75,France,Olympique Lyonnais
Mangani,75,France,Angers SCO
Sepe,75,Italy,Parma
Glushakov,75,Russia,Spartak Moscow
Soudani,75,Algeria,Nottingham Forest
Türüç,75,Turkey,Kayserispor
Villalba,75,Paraguay,Atlanta United
Hurtado,75,Colombia,Monterrey
Bachirou,75,Comoros,Malmö FF
Rodelin,75,France,En Avant de Guingamp
Donnarumma,75,Italy,Brescia
Pekarík,75,Slovakia,Hertha BSC
Romao,75,Togo,Stade de Reims
Aogo,75,Germany,VfB Stuttgart
Kryvtsov,75,Ukraine,Shakhtar Donetsk
Elis,75,Honduras,Houston Dynamo
Fernández,75,Chile,Chile
Vlašić,75,Croatia,PFC CSKA Moscow
Ounas,75,Algeria,Napoli
Boyata,75,Belgium,Celtic
Uduokhai,75,Germany,VfL Wolfsburg
Martín Arias,75,Argentina,Gimnasia y Esgrima La Plata
Peralta,75,Mexico,Club América
Ødegaard,75,Norway,Vitesse
Lazaro,75,Austria,Hertha BSC
Gulde,75,Germany,SC Freiburg
Bolat,75,Turkey,Royal Antwerp FC
Gondorf,75,Germany,SC Freiburg
İnan,75,Turkey,Galatasaray SK
Maggio,75,Italy,Benevento
Claesson,75,Sweden,Sweden
Magnanelli,75,Italy,Sassuolo
Toselli,75,Chile,Universidad Católica
Hurtado,75,Peru,Atiker Konyaspor
García,75,Argentina,Deportivo Toluca
Wakaso,75,Ghana,Deportivo Alavés
Bizot,75,Netherlands,AZ Alkmaar
Ayhan,75,Turkey,Fortuna Düsseldorf
Jajalo,75,Bosnia Herzegovina,Palermo
Campbell,75,Costa Rica,Club León
Antonelli,75,Italy,Empoli
Mevlja,75,Slovenia,Slovenia
Guzmán,75,Mexico,Mexico
Engels,75,Belgium,Stade de Reims
Flint,75,England,Middlesbrough
Daniels,75,England,Bournemouth
Kanga,75,Gabon,Sparta Praha
McGregor,75,Scotland,Celtic
Rigoni,75,Italy,Parma
Fernandes,75,Chile,Alanyaspor
Djidji,75,Ivory Coast,Torino
Pukki,75,Finland,Norwich City
Abdelhamid,75,Morocco,Stade de Reims
Stafylidis,75,Greece,FC Augsburg
Barbosa,75,Argentina,Villarreal CF
Diamé,75,Senegal,Newcastle United
Cataldi,75,Italy,Lazio
Mandragora,75,Italy,Udinese
Mendy,75,Senegal,Stade de Reims
Barrera,75,Colombia,Rosario Central
Haberer,75,Germany,SC Freiburg
Shoji,75,Japan,Toulouse Football Club
N'Dicka,75,France,Eintracht Frankfurt
Younes,75,Germany,Napoli
Yoshida,75,Japan,Southampton
Cueva,75,Peru,Peru
Dirar,75,Morocco,Fenerbahçe SK
Krmenčík,75,Czech Republic,Viktoria Plzeň
Figal,75,Argentina,Independiente
Roux,75,France,En Avant de Guingamp
Mikel,75,Nigeria,Middlesbrough
Biseswar,75,Netherlands,PAOK
Kashia,75,Georgia,San Jose Earthquakes
Missiroli,75,Italy,SPAL
Davies,75,England,Derby County
Alonso,75,Paraguay,Paraguay
Serdar,75,Germany,FC Schalke 04
Bocanegra,75,Colombia,Atlético Nacional
dos Santos,75,Mexico,LA Galaxy
Fofana,75,Ivory Coast,Côte d'Ivoire
Traoré,75,Ivory Coast,Côte d'Ivoire
Valdifiori,75,Italy,SPAL
Fofana,75,Ivory Coast,Udinese
Ghezzal,75,Algeria,Leicester City
Ibarra,75,Ecuador,Ecuador
Helander,75,Sweden,Bologna
González Pirez,75,Argentina,Atlanta United
Bensebaini,75,Algeria,Stade Rennais FC
Francis,75,England,Bournemouth
Hoedt,75,Netherlands,RC Celta
Medunjanin,75,Bosnia Herzegovina,Philadelphia Union
Jara,75,Argentina,Pachuca
Retsos,75,Greece,Bayer 04 Leverkusen
Sankharé,75,Senegal,FC Girondins de Bordeaux
Herrera,75,Argentina,Club Atlético Talleres
Rodríguez,75,Uruguay,Club Tijuana
Hernández,75,Colombia,SD Huesca
Vargas,75,Argentina,Vélez Sarsfield
Corona,75,Mexico,Mexico
Paredes,75,Chile,Chile
Touré,74,Mali,Eintracht Frankfurt
Dzhanaev,74,Russia,Miedź Legnica
Goltz,74,Argentina,Boca Juniors
Cohade,74,France,FC Metz
Gallardo,74,Mexico,Mexico
Corchia,74,France,SL Benfica
Mensah,74,Ghana,Kayserispor
Padelli,74,Italy,Inter
Ravet,74,France,Grasshopper Club Zürich
Biabiany,74,France,Parma
Barnes,74,England,Leicester City
Awaziem,74,Nigeria,Çaykur Rizespor
Tošić,74,Serbia,Guangzhou R&F FC
Margreitter,74,Austria,1. FC Nürnberg
Iličević,74,Croatia,1. FC Nürnberg
Sobiech,74,Germany,1. FC Köln
Degenek,74,Australia,Australia
Tameze,74,France,OGC Nice
Pasqual,74,Italy,Empoli
Kourmpelis,74,Greece,Panathinaikos FC
Dilaver,74,Austria,Dinamo Zagreb
Watkins,74,England,Brentford
Melia,74,United States,Sporting Kansas City
Dewaest,74,Belgium,KRC Genk
Arias,74,Chile,Chile
Chester,74,Wales,Aston Villa
Korb,74,Germany,Hannover 96
Gibson,74,England,Burnley
Wolf,74,Austria,FC Red Bull Salzburg
Khacheridi,74,Ukraine,PAOK
Silva,74,Chile,Independiente
Gümüş,74,Germany,Galatasaray SK
Silva,74,Argentina,CD Leganés
Ciman,74,Belgium,Toronto FC
Tapia,74,Peru,Willem II
Pieters,74,Netherlands,Amiens SC
Charbonnier,74,France,Stade Brestois 29
Jack,74,Scotland,Rangers FC
Jara,74,Argentina,DC United
Kutepov,74,Russia,Spartak Moscow
Saric,74,Bosnia Herzegovina,Suwon Samsung Bluewings
Semenov,74,Russia,Russia
Crisetig,74,Italy,Benevento
Koopmeiners,74,Netherlands,AZ Alkmaar
van Wolfswinkel,74,Netherlands,FC Basel 1893
Geis,74,Germany,1. FC Köln
Svensson,74,Norway,AZ Alkmaar
Soldano,74,Argentina,Olympiacos CFP
Hinterseer,74,Austria,VfL Bochum 1848
Beck,74,Germany,VfB Stuttgart
Roofe,74,England,Leeds United
Royer,74,Austria,New York Red Bulls
Lawrence,74,Jamaica,New York Red Bulls
Verhaegh,74,Netherlands,VfL Wolfsburg
Hourihane,74,Republic of Ireland,Aston Villa
Vikonis,74,Uruguay,Puebla FC
Bešić,74,Bosnia Herzegovina,Middlesbrough
Kunde Malong,74,Cameroon,1. FSV Mainz 05
Cota,74,Mexico,Club León
Coady,74,England,Wolverhampton Wanderers
Kayode,74,Nigeria,Shakhtar Donetsk
Mount,74,England,Derby County
Sippel,74,Germany,Borussia Mönchengladbach
Nuytinck,74,Netherlands,Udinese
Álvarez,74,Mexico,Mexico
Strebinger,74,Austria,Austria
Castillo,74,Colombia,Club Tijuana
Kembo-Ekoko,74,DR Congo,Bursaspor
Ioniţă,74,Moldova,Cagliari
Robles,74,United States,New York Red Bulls
Wimmer,74,Austria,Hannover 96
Atsu,74,Ghana,Newcastle United
Hassan,74,Egypt,Olympiacos CFP
Kempf,74,Germany,VfB Stuttgart
Ulmer,74,Austria,Austria
Zuculini,74,Argentina,River Plate
van der Heijden,74,Netherlands,Feyenoord
Boëtius,74,Netherlands,1. FSV Mainz 05
Kovalenko,74,Ukraine,Shakhtar Donetsk
Stryger Larsen,74,Denmark,Udinese
Nagbe,74,United States,Atlanta United
Sosa,74,Uruguay,Monarcas Morelia
Martínez Quarta,74,Argentina,River Plate
Lapadula,74,Italy,Genoa
Grant,74,England,Manchester United
Sakai,74,Japan,Hamburger SV
Shinnie,74,Scotland,Aberdeen
Murru,74,Italy,Sampdoria
El Ghazi,74,Netherlands,Aston Villa
Czichos,74,Germany,1. FC Köln
Bowen,74,England,Hull City
Mora,74,Chile,U.N.A.M.
Pogba,74,Guinea,Atlanta United
Sané,74,Senegal,Orlando City SC
Martínez,74,Argentina,Defensa y Justicia
Gordon,74,Scotland,Celtic
Ecuélé Manga,74,Gabon,Cardiff City
Córdoba,74,Colombia,1. FC Köln
Rosier,74,France,Dijon FCO
Žulj,74,Austria,RSC Anderlecht
Dibassy,74,Mali,Amiens SC
Simpson,74,England,Leicester City
Gnahoré,74,France,Amiens SC
Masina,74,Italy,Watford
Kreilach,74,Croatia,Real Salt Lake
Rice,74,Republic of Ireland,West Ham United
Gómez Andrade,74,Colombia,Unión de Santa Fe
Deli,74,Ivory Coast,SK Slavia Praha
Aguedar,74,Paraguay,Paraguay
Ortíz,74,Argentina,Club Atlético Colón
Verstraete,74,Belgium,KAA Gent
Grandsir,74,France,RC Strasbourg Alsace
Raggi,74,Italy,AS Monaco
Besedin,74,Ukraine,Dynamo Kyiv
Santini,74,Croatia,RSC Anderlecht
Ngadeu-Ngadjui,74,Cameroon,SK Slavia Praha
Martínez,74,Colombia,Club América
Mena,74,Chile,Chile
Lemos,74,Uruguay,Sassuolo
Tesillo,74,Colombia,Club León
Phillips,74,England,Leeds United
Morrison,74,England,Cardiff City
Alemán,74,Uruguay,Ettifaq FC
Limberský,74,Czech Republic,Viktoria Plzeň
Bahoken,74,Cameroon,Angers SCO
Janssen,74,Netherlands,FC Utrecht
Etheridge,74,Philippines,Cardiff City
N'Doye,74,Senegal,FC København
Chambers,74,England,Fulham
Dennis,74,Nigeria,Club Brugge KV
Şahan,74,Turkey,Trabzonspor
Barkas,74,Greece,AEK Athens
Long,74,United States,New York Red Bulls
Eschenko,74,Russia,Spartak Moscow
Okaka,74,Italy,Udinese
Gikiewicz,74,Poland,1. FC Union Berlin
Oyongo,74,Cameroon,Montpellier HSC
Martinez,74,France,RC Strasbourg Alsace
Besler,74,United States,Sporting Kansas City
Pérez,74,Colombia,Junior FC
Larsen,74,Denmark,Borussia Dortmund
Ralls,74,England,Cardiff City
Giménez,74,Argentina,Vélez Sarsfield
Kopic,74,Czech Republic,Viktoria Plzeň
Brasanac,74,Serbia,Deportivo Alavés
Hiljemark,74,Sweden,Genoa
Falcinelli,74,Italy,Bologna
Moore,74,England,Reading
Grytebust,74,Norway,Odense Boldklub
Musso,74,Argentina,Udinese
Bedoya,74,United States,Philadelphia Union
Babin,74,France,Real Sporting de Gijón
Ward,74,Republic of Ireland,Burnley
Cardinale,74,France,OGC Nice
Bakalorz,74,Germany,Hannover 96
Burdisso,74,Argentina,Independiente
Berić,74,Slovenia,AS Saint-Étienne
Correa,74,Colombia,Once Caldas
Haps,74,Netherlands,Feyenoord
Le Tallec,74,France,Montpellier HSC
Kędziora,74,Poland,Dynamo Kyiv
Chavarría,74,Argentina,Stade de Reims
Larin,74,Canada,Beşiktaş JK
Hrošovský,74,Slovakia,Viktoria Plzeň
Nagatomo,74,Japan,Galatasaray SK
Ferri,74,France,Nîmes Olympique
Bassogog,74,Cameroon,Cameroon
Zampedri,74,Argentina,Rosario Central
Öztekin,74,Turkey,Göztepe SK
Çağıran,74,Turkey,Çaykur Rizespor
Strinić,74,Croatia,Milan
Lindner,74,Austria,Austria
von Bergen,74,Switzerland,BSC Young Boys
Sánchez Miño,74,Argentina,Independiente
Hubník,74,Czech Republic,Viktoria Plzeň
Obi,74,Nigeria,Alanyaspor
Viera,74,Paraguay,Godoy Cruz
Hack,74,Germany,1. FSV Mainz 05
Drexler,74,Germany,1. FC Köln
Ćorić,74,Croatia,Roma
Falette,74,Guinea,Eintracht Frankfurt
Mbemba,74,DR Congo,FC Porto
Etxeberría,74,Paraguay,Paraguay
Plata,74,Ecuador,Real Salt Lake
Misidjan,74,Netherlands,1. FC Nürnberg
Hadergjonaj,74,Switzerland,Huddersfield Town
Stephens,74,England,Southampton
Chochev,74,Bulgaria,Palermo
Musonda,74,Belgium,Vitesse
Rigoni,74,Italy,Chievo Verona
Koné,74,Ivory Coast,Côte d'Ivoire
Montiel,74,Argentina,River Plate
Souquet,74,France,KAA Gent
McGinn,74,Scotland,Aston Villa
Depoitre,74,Belgium,Huddersfield Town
del Valle,74,Colombia,Querétaro
Morelo,74,Colombia,Club Atlético Colón
Benavente,74,Peru,Peru
Diop,74,Senegal,Beijing Renhe FC
Haroun,74,Belgium,Royal Antwerp FC
Vilakazi,74,South Africa,South Africa
Villafañez,74,Argentina,Alanyaspor
Rossi,74,Argentina,Boca Juniors
Rodríguez,74,Argentina,San Lorenzo de Almagro
Mateta,74,France,1. FSV Mainz 05
Bastians,74,Germany,Tianjin TEDA FC
Gamba,74,Argentina,Club Atlético Huracán
Gosling,74,England,Bournemouth
Amalfitano,74,France,Dijon FCO
Floccari,74,Italy,SPAL
Salin,74,France,Sporting CP
Škoda,74,Czech Republic,SK Slavia Praha
Mitriţă,74,Romania,New York City FC
Kodjia,74,Ivory Coast,Aston Villa
Prödl,74,Austria,Watford
Forster,74,England,Southampton
Laurini,74,France,Fiorentina
Diamanka,74,Senegal,CD Numancia
Rodríguez,74,Argentina,DC United
Sangaré,74,Ivory Coast,Toulouse Football Club
Kana-Biyik,74,Cameroon,Kayserispor
Saïss,74,Morocco,Wolverhampton Wanderers
Mbakogu,74,Nigeria,Padova
Briançon,74,France,Nîmes Olympique
Johansen,74,Norway,West Bromwich Albion
Pulido,74,Mexico,Guadalajara
Koné,74,Ivory Coast,Sivasspor
Christie,74,Scotland,Celtic
Browne,74,Republic of Ireland,Preston North End
Zaracho,74,Argentina,Racing Club
Dack,74,England,Blackburn Rovers
Grabban,74,England,Nottingham Forest
Burda,74,Ukraine,Dynamo Kyiv
Gianniotis,74,Greece,Olympiacos CFP
Beauvue,74,France,Stade Malherbe Caen
Mariappa,74,Jamaica,Watford
Stendera,74,Germany,Eintracht Frankfurt
Pussetto,74,Argentina,Udinese
Spolli,74,Argentina,Crotone
Amartey,74,Ghana,Leicester City
Mawson,74,England,Fulham
Théophile-Catherine,74,France,Dinamo Zagreb
Ibe,74,England,Bournemouth
Ajeti,74,Switzerland,Switzerland
En-Nesyri,74,Morocco,CD Leganés
Aina,74,Nigeria,Torino
Diony,74,France,AS Saint-Étienne
Jahović,74,FYR Macedonia,Atiker Konyaspor
Öztunalı,74,Germany,1. FSV Mainz 05
Til,74,Netherlands,AZ Alkmaar
Bolasie,74,DR Congo,RSC Anderlecht
Jojić,74,Serbia,Medipol Başakşehir FK
Britos,74,Uruguay,Watford
Traoré,74,Mali,Stade Rennais FC
Bjelland,74,Denmark,FC København
Rits,74,Belgium,Club Brugge KV
Krunić,74,Bosnia Herzegovina,Empoli
Sobhi,74,Egypt,Egypt
Rey,74,Argentina,PAOK
Chumacero,74,Bolivia,Bolivia
Bifouma,74,Congo,Yeni Malatyaspor
Rosario,74,Netherlands,PSV
Reginiussen,74,Norway,Rosenborg BK
Gyan,74,Ghana,Kayserispor
Ponce,74,Argentina,AEK Athens
Gouano,74,France,Amiens SC
Fuenzalida,74,Chile,Universidad Católica
González,74,Mexico,Monterrey
Mena,74,Ecuador,Club León
Epureanu,74,Moldova,Medipol Başakşehir FK
Rensing,74,Germany,Fortuna Düsseldorf
Ramírez,74,Colombia,Atlético Nacional
Caraglio,74,Argentina,Cruz Azul
Santander,74,Paraguay,Bologna
Jensen,74,Denmark,Rosenborg BK
Lung,74,Romania,Kayserispor
Rosales,74,Venezuela,RCD Espanyol
Dolly,74,South Africa,Montpellier HSC
Rodallega,74,Colombia,Trabzonspor
Schrijvers,74,Belgium,Club Brugge KV
Dueñas,74,Mexico,Tigres U.A.N.L.
Aguilar,74,Mexico,Club América
Vukovic,74,Australia,KRC Genk
De Préville,74,France,FC Girondins de Bordeaux
Domínguez,74,Paraguay,Independiente
Caprari,74,Italy,Sampdoria
Ciciretti,74,Italy,Ascoli
Bong,74,Cameroon,Brighton & Hove Albion
Arfield,74,Canada,Rangers FC
Hult,74,Sweden,AEK Athens
Zinchenko,74,Ukraine,Manchester City
Hauche,74,Argentina,Argentinos Juniors
Thommy,74,Germany,VfB Stuttgart
Ciano,74,Italy,Frosinone
Cardona,74,Colombia,Colombia
Mubele,74,DR Congo,Toulouse Football Club
Sagna,74,France,Montreal Impact
İnler,74,Switzerland,Medipol Başakşehir FK
Roberts,74,England,Girona FC
Prcić,74,Bosnia Herzegovina,RC Strasbourg Alsace
Đuričić,74,Serbia,Sassuolo
Sainsbury,74,Australia,PSV
Ruiz,74,Argentina,Club Atlético Aldosivi
Kırıntılı,74,Turkey,Atiker Konyaspor
Sviatchenko,74,Denmark,FC Midtjylland
Anđelković,74,Slovenia,Padova
Kittel,74,Germany,FC Ingolstadt 04
Meier,74,Germany,FC St. Pauli
Zungu,74,South Africa,Amiens SC
Bereszyński,74,Poland,Sampdoria
Katai,74,Serbia,Chicago Fire
Pizarro,74,Peru,SV Werder Bremen
Canteros,74,Argentina,MKE Ankaragücü
Ortiz,74,Paraguay,Paraguay
Silva,74,Argentina,Club Atlético Banfield
Mor,74,Turkey,RC Celta
Hedges,74,United States,FC Dallas
Niakhaté,74,France,1. FSV Mainz 05
Cabrera,74,Uruguay,Deportivo Cali
Buffarini,74,Argentina,Boca Juniors
Benedetti,74,Colombia,Club América
Bazoer,74,Netherlands,FC Utrecht
Träsch,74,Germany,FC Ingolstadt 04
Kuwas,74,Curacao,Heracles Almelo
Song,74,Cameroon,FC Sion
Estigarribia,74,Paraguay,Club Atlético Colón
Mothiba,74,South Africa,RC Strasbourg Alsace
Bizzarri,74,Argentina,Perugia
Pineda,74,Mexico,Cruz Azul
Mykhalyk,74,Ukraine,Lokomotiv Moscow
Blanco,74,Argentina,Málaga CF
Kameni,74,Cameroon,Fenerbahçe SK
Fuchs,74,Austria,Leicester City
Benezet,74,France,En Avant de Guingamp
Erokhin,74,Russia,Russia
Kalinski,74,Argentina,Estudiantes de La Plata
Cunningham,74,Republic of Ireland,Cardiff City
Cabrera,74,Uruguay,Getafe CF
Çelik,74,Turkey,LOSC Lille
Berra,74,Scotland,Heart of Midlothian
Ansarifard,74,Iran,Nottingham Forest
Pandev,74,FYR Macedonia,Genoa
Billing,74,Denmark,Huddersfield Town
Adams Nuhu,74,Ghana,TSG 1899 Hoffenheim
Wilson,74,Wales,Derby County
Griffiths,74,Scotland,Celtic
Fulgini,74,France,Angers SCO
González,74,Argentina,Godoy Cruz
Svensson,74,Sweden,Seattle Sounders FC
Pritchard,74,England,Huddersfield Town
Nestorovski,74,FYR Macedonia,Palermo
Ishak,74,Sweden,1. FC Nürnberg
Paterson,74,Scotland,Cardiff City
Di Santo,74,Argentina,Rayo Vallecano
Douglas,74,Scotland,Leeds United
Bijlow,74,Netherlands,Feyenoord
Liénard,74,France,RC Strasbourg Alsace
Chahechouhe,74,Morocco,Çaykur Rizespor
Pelé,74,France,Olympique de Marseille
Demirel,74,Turkey,Fenerbahçe SK
Laifis,74,Cyprus,Standard de Liège
Alustiza,74,Argentina,Puebla FC
Advíncula,74,Peru,Rayo Vallecano
Andújar,74,Argentina,Estudiantes de La Plata
Hoilett,74,Canada,Cardiff City
Lestienne,74,Belgium,Standard de Liège
Cavallini,74,Canada,Canada
Durmaz,74,Sweden,Toulouse Football Club
Chakvetadze,74,Georgia,KAA Gent
Velázquez,74,Uruguay,Rayo Vallecano
Bryan,74,England,Fulham
Matavž,74,Slovenia,Vitesse
Waris,74,Ghana,FC Nantes
Cooper,74,Scotland,Leeds United
Sakho,74,Senegal,Bursaspor
Talavera,74,Mexico,Deportivo Toluca
Livaković,74,Croatia,Dinamo Zagreb
Álvarez,74,Argentina,Club Atlas
Orbán,74,Argentina,Racing Club
Di Gaudio,74,Italy,Hellas Verona
Vuković,74,Serbia,Olympiacos CFP
Zaldivia,74,Argentina,Colo-Colo
Iturbe,74,Paraguay,U.N.A.M.
Kozáčik,74,Slovakia,Viktoria Plzeň
Álvarez,74,Argentina,Real Zaragoza
Rodríguez,74,Mexico,Lobos BUAP
Roco,74,Chile,Beşiktaş JK
De Blasis,74,Argentina,SD Eibar
Hlatshwayo,74,South Africa,South Africa
Beausejour,74,Chile,Chile
Ostrzolek,74,Germany,Hannover 96
Błaszczykowski,74,Poland,Wisła Kraków
Bouanga,74,Gabon,Nîmes Olympique
Botta,74,Argentina,San Lorenzo de Almagro
Dabo,74,Burkina Faso,Fiorentina
Lazović,74,Serbia,Genoa
Marković,74,Serbia,Fulham
Konaté,74,Ivory Coast,Côte d'Ivoire
Aidoo,74,Ghana,KRC Genk
Usami,74,Japan,Fortuna Düsseldorf
Room,74,Curacao,PSV
Nyom,74,Cameroon,CD Leganés
Midtsjø,74,Norway,AZ Alkmaar
Ekici,74,Turkey,Fenerbahçe SK
Sosa,74,Argentina,Pachuca
Melgarejo,74,Paraguay,Spartak Moscow
Söyüncü,74,Turkey,Leicester City
Vydra,74,Czech Republic,Burnley
Iheanacho,74,Nigeria,Leicester City
Tisserand,74,DR Congo,VfL Wolfsburg
March,74,England,Brighton & Hove Albion
Lozano,74,Honduras,Girona FC
Waldschmidt,74,Germany,SC Freiburg
Kamara,74,Sierra Leone,Colorado Rapids
Rebrov,74,Russia,Spartak Moscow
Cornelius,74,Denmark,FC Girondins de Bordeaux
Le Marchand,74,France,Fulham
Diop,74,Spain,Olympique Lyonnais
Chedjou,74,Cameroon,Bursaspor
Davis,74,Northern Ireland,Rangers FC
Özbayraklı,74,Turkey,Fenerbahçe SK
Baba,74,Ghana,Stade de Reims
Zukanović,74,Bosnia Herzegovina,Genoa
Niasse,74,Senegal,Cardiff City
Mpoku,74,DR Congo,Standard de Liège
McDonald,74,Scotland,Fulham
Bauthéac,74,France,Brisbane Roar
Saivet,73,Senegal,Bursaspor
Baumjohann,73,Germany,Western Sydney Wanderers
Letschert,73,Netherlands,FC Utrecht
Peñaranda,73,Venezuela,Watford
Monetti,73,Argentina,San Lorenzo de Almagro
Kovařík,73,Czech Republic,Viktoria Plzeň
Musto,73,Argentina,SD Huesca
Biraschi,73,Italy,Genoa
Genevois,73,Haiti,Stade Malherbe Caen
Rigamonti,73,Argentina,Belgrano de Córdoba
Gosens,73,Germany,Atalanta
Limbombe,73,Belgium,FC Nantes
Diekmeier,73,Germany,SV Sandhausen
Adénon,73,Benin,Amiens SC
Skubic,73,Slovenia,Atiker Konyaspor
Hunou,73,France,Stade Rennais FC
Krhin,73,Slovenia,FC Nantes
Tobio,73,Argentina,Deportivo Toluca
Ito,73,Japan,KRC Genk
Kucher,73,Ukraine,Kayserispor
Leca,73,France,Racing Club de Lens
Penneteau,73,France,Sporting de Charleroi
Wormgoor,73,Netherlands,SK Brann
Miranda,73,Argentina,Defensa y Justicia
Shaparenko,73,Ukraine,Dynamo Kyiv
Díaz,73,Colombia,Junior FC
Kljestan,73,United States,Orlando City SC
Asad,73,Argentina,Vélez Sarsfield
Klich,73,Poland,Leeds United
Wood,73,United States,Hannover 96
Hahn,73,Netherlands,SC Heerenveen
Sigurðsson,73,Iceland,Iceland
Banana,73,Cameroon,Cameroon
Wagué,73,Mali,Nottingham Forest
Montillo,73,Argentina,Club Atlético Tigre
Abeid,73,Algeria,Dijon FCO
Rzatkowski,73,Germany,New York Red Bulls
Fernández,73,Argentina,Vélez Sarsfield
Neustädter,73,Russia,Fenerbahçe SK
Reach,73,England,Sheffield Wednesday
Behich,73,Australia,PSV
Nababkin,73,Russia,PFC CSKA Moscow
Heller,73,Germany,SV Darmstadt 98
Pajot,73,France,Angers SCO
Ankersen,73,Denmark,FC København
Williams,73,Republic of Ireland,Millwall
Tufan,73,Turkey,Alanyaspor
Reichel,73,Germany,1. FC Union Berlin
Stępiński,73,Poland,Chievo Verona
Đorđević,73,Serbia,Chievo Verona
Tannane,73,Morocco,FC Utrecht
Martín,73,Mexico,Mexico
Hruška,73,Czech Republic,Viktoria Plzeň
Kaldırım,73,Turkey,Fenerbahçe SK
Cacciatore,73,Italy,Cagliari
Arboleda,73,Colombia,Colombia
Elm,73,Sweden,Kalmar FF
Shepelev,73,Ukraine,Dynamo Kyiv
Amrabat,73,Morocco,Club Brugge KV
Marrugo,73,Colombia,Millonarios FC
Zambo Anguissa,73,Cameroon,Fulham
Lombaerts,73,Belgium,KV Oostende
Janson,73,Argentina,Club Atlético Tigre
Diouf,73,Senegal,Stoke City
Rausch,73,Russia,Russia
Wöber,73,Austria,Sevilla FC
Hušbauer,73,Czech Republic,SK Slavia Praha
Herrera,73,Chile,Chile
Lucioni,73,Italy,Lecce
Miranchuk,73,Russia,Lokomotiv Moscow
Leitner,73,Germany,Norwich City
Trapp,73,United States,Columbus Crew SC
Tomašević,73,Montenegro,KV Oostende
Goldson,73,England,Rangers FC
Ulloa,73,Argentina,Pachuca
Borjan,73,Canada,Canada
Tomović,73,Serbia,Chievo Verona
Jones,73,Trinidad & Tobago,SV Darmstadt 98
Lukić,73,Serbia,Torino
Torosidis,73,Greece,Olympiacos CFP
Guzan,73,United States,Atlanta United
Donati,73,Italy,1. FSV Mainz 05
Ujah,73,Nigeria,1. FSV Mainz 05
Bezus,73,Ukraine,KAA Gent
Kubo,73,Japan,1. FC Nürnberg
Mitrović,73,Croatia,Club Brugge KV
Uysal,73,Turkey,Beşiktaş JK
Bettinelli,73,England,Fulham
Luthe,73,Germany,FC Augsburg
Traoré,73,Ivory Coast,Göztepe SK
