C. Ronaldo,94,Portugal,Manchester United
L. Messi,94,Argentina,Paris Saint-Germain
L. Suárez,91,Uruguay,Atlético Madrid
E. Hazard,91,Belgium,Real Madrid
K. De Bruyne,91,Belgium,Manchester City
L. Modrić,91,Croatia,Real Madrid
T. Kroos,90,Germany,Real Madrid
H. Kane,90,England,Tottenham Hotspur
R. Lewandowski,90,Poland,FC Bayern München
D. Godín,90,Uruguay,Atlético Madrid
G. Chiellini,90,Italy,Juventus
J. Oblak,90,Slovenia,Atlético Madrid
P. Dybala,89,Argentina,Juventus
S. Agüero,89,Argentina,Manchester City
M. Salah,89,Egypt,Liverpool
M. ter Stegen,89,Germany,FC Barcelona
N. Kanté,89,France,Chelsea
E. Cavani,89,Uruguay,Paris Saint-Germain
A. Griezmann,89,France,Atlético Madrid
M. Neuer,89,Germany,FC Bayern München
T. Courtois,89,Belgium,Real Madrid
C. Eriksen,88,Denmark,Tottenham Hotspur
K. Mbappé,88,France,Paris Saint-Germain
V. van Dijk,88,Netherlands,Liverpool
M. Hummels,88,Germany,FC Bayern München
K. Koulibaly,88,Senegal,Napoli
M. Reus,88,Germany,Borussia Dortmund
G. Bale,88,Wales,Real Madrid
P. Aubameyang,88,Gabon,Arsenal
H. Lloris,88,France,Tottenham Hotspur
S. Handanovič,88,Slovenia,Inter
G. Buffon,88,Italy,Paris Saint-Germain
P. Pogba,88,France,Manchester United
L. Insigne,88,Italy,Napoli
D. Mertens,87,Belgium,Napoli
J. Rodríguez,87,Colombia,FC Bayern München
J. Vertonghen,87,Belgium,Tottenham Hotspur
C. Immobile,87,Italy,Lazio
I. Rakitić,87,Croatia,FC Barcelona
R. Sterling,87,England,Manchester City
K. Navas,87,Costa Rica,Real Madrid
M. Icardi,87,Argentina,Inter
S. Umtiti,87,France,FC Barcelona
T. Alderweireld,87,Belgium,Tottenham Hotspur
G. Higuaín,87,Argentina,Chelsea
L. Sané,86,Germany,Manchester City
K. Benzema,86,France,Real Madrid
R. Varane,86,France,Real Madrid
J. Kimmich,86,Germany,FC Bayern München
R. Lukaku,86,Belgium,Manchester United
M. Pjanić,86,Bosnia Herzegovina,Juventus
S. Mané,86,Senegal,Liverpool
L. Bonucci,86,Italy,Juventus
T. Müller,86,Germany,FC Bayern München
M. Verratti,86,Italy,Paris Saint-Germain
W. Szczęsny,86,Poland,Juventus
M. Škriniar,86,Slovakia,Inter
J. Boateng,85,Germany,FC Bayern München
R. Mahrez,85,Algeria,Manchester City
E. Džeko,85,Bosnia Herzegovina,Roma
S. Milinković-Savić,85,Serbia,Lazio
D. Alli,85,England,Tottenham Hotspur
Z. Ibrahimović,85,Sweden,LA Galaxy
A. Di María,85,Argentina,Paris Saint-Germain
Y. Brahimi,85,Algeria,FC Porto
V. Kompany,85,Belgium,Manchester City
M. Özil,85,Germany,Arsenal
M. Mandžukić,85,Croatia,Juventus
I. Perišić,85,Croatia,Inter
R. Nainggolan,85,Belgium,Inter
A. Laporte,85,France,Manchester City
A. Vidal,85,Chile,FC Barcelona
B. Matuidi,85,France,Juventus
H. Son,85,Korea Republic,Tottenham Hotspur
K. Manolas,85,Greece,Roma
A. Lacazette,85,France,Arsenal
A. Witsel,85,Belgium,Borussia Dortmund
A. Lopes,85,Portugal,Olympique Lyonnais
S. Khedira,84,Germany,Juventus
H. Ziyech,84,Morocco,Ajax
M. Perin,84,Italy,Juventus
N. Fekir,84,France,Olympique Lyonnais
N. Otamendi,84,Argentina,Manchester City
S. Ruffier,84,France,AS Saint-Étienne
J. Giménez,84,Uruguay,Atlético Madrid
N. Matić,84,Serbia,Manchester United
D. Sánchez,84,Colombia,Tottenham Hotspur
E. Banega,84,Argentina,Sevilla FC
M. Depay,84,Netherlands,Olympique Lyonnais
Y. Sommer,84,Switzerland,Borussia Mönchengladbach
N. Süle,84,Germany,FC Bayern München
I. Gündoğan,84,Germany,Manchester City
A. Sánchez,84,Chile,Manchester United
F. Thauvin,84,France,Olympique de Marseille
K. Walker,84,England,Manchester City
T. Werner,84,Germany,RB Leipzig
D. Alaba,84,Austria,FC Bayern München
L. Hrádecký,84,Finland,Bayer 04 Leverkusen
A. Robben,84,Netherlands,FC Bayern München
J. Cuadrado,84,Colombia,Juventus
O. Dembélé,84,France,FC Barcelona
A. Gómez,84,Argentina,Atalanta
S. de Vrij,84,Netherlands,Inter
R. Bürki,84,Switzerland,Borussia Dortmund
A. Martial,84,France,Manchester United
L. Bender,83,Germany,Bayer 04 Leverkusen
T. Horn,83,Germany,1. FC Köln
Y. Carrasco,83,Belgium,Belgium
D. Payet,83,France,Olympique de Marseille
G. Wijnaldum,83,Netherlands,Liverpool
K. Kampl,83,Slovenia,RB Leipzig
M. de Ligt,83,Netherlands,Ajax
G. Donnarumma,83,Italy,Milan
S. Savić,83,Montenegro,Atlético Madrid
R. Jarstein,83,Norway,Hertha BSC
J. Draxler,83,Germany,Paris Saint-Germain
A. Barzagli,83,Italy,Juventus
J. Stones,83,England,Manchester City
B. Leno,83,Germany,Arsenal
F. Ribéry,83,France,FC Bayern München
L. Hernández,83,France,Atlético Madrid
M. Kovačić,83,Croatia,Chelsea
A. Robertson,83,Scotland,Liverpool
D. De Rossi,83,Italy,Roma
J. Pickford,83,England,Everton
C. Tolisso,83,France,FC Bayern München
S. Gnabry,83,Germany,FC Bayern München
A. Kolarov,83,Serbia,Roma
I. Gueye,83,Senegal,Everton
K. Casteels,83,Belgium,VfL Wolfsburg
A. Romagnoli,83,Italy,Milan
A. Kramarić,83,Croatia,TSG 1899 Hoffenheim
Q. Promes,83,Netherlands,Sevilla FC
E. Višća,83,Bosnia Herzegovina,Medipol Başakşehir FK
T. Lemar,83,France,Atlético Madrid
B. Dost,83,Netherlands,Sporting CP
A. Rabiot,83,France,Paris Saint-Germain
N. Keïta,83,Guinea,Liverpool
P. Kimpembe,83,France,Paris Saint-Germain
O. Baumann,83,Germany,TSG 1899 Hoffenheim
M. Rashford,83,England,Manchester United
K. Coman,83,France,FC Bayern München
T. Hazard,83,Belgium,Borussia Mönchengladbach
F. Acerbi,83,Italy,Lazio
L. Goretzka,83,Germany,FC Bayern München
S. Sirigu,83,Italy,Torino
K. Schmeichel,83,Denmark,Leicester City
F. Quagliarella,82,Italy,Sampdoria
J. Vardy,82,England,Leicester City
S. Sané,82,Senegal,FC Schalke 04
W. Ben Yedder,82,France,Sevilla FC
L. Biglia,82,Argentina,Milan
A. Guardado,82,Mexico,Real Betis
S. Coates,82,Uruguay,Uruguay
M. Kruse,82,Germany,SV Werder Bremen
J. Lingard,82,England,Manchester United
N. Gaitán,82,Argentina,Dalian YiFang FC
F. Fazio,82,Argentina,Roma
H. Maguire,82,England,Leicester City
M. Arnautović,82,Austria,West Ham United
J. Tah,82,Germany,Bayer 04 Leverkusen
K. Glik,82,Poland,AS Monaco
G. Lo Celso,82,Argentina,Real Betis
A. Milik,82,Poland,Napoli
S. Haller,82,France,Eintracht Frankfurt
K. Trippier,82,England,Tottenham Hotspur
J. Martínez,82,Venezuela,Atlanta United
H. Mkhitaryan,82,Armenia,Arsenal
C. Bakambu,82,DR Congo,Beijing Sinobo Guoan FC
K. Strootman,82,Netherlands,Olympique de Marseille
M. Dembélé,82,Belgium,Belgium
S. Mustafi,82,Germany,Arsenal
L. Koscielny,82,France,Arsenal
K. Demirbay,82,Germany,TSG 1899 Hoffenheim
J. Pavlenka,82,Czech Republic,SV Werder Bremen
D. Subašić,82,Croatia,AS Monaco
M. Parolo,82,Italy,Lazio
E. Garay,82,Argentina,Valencia CF
E. Viviano,82,Italy,SPAL
H. Lozano,82,Mexico,PSV
F. Vázquez,82,Argentina,Sevilla FC
W. Zaha,82,Ivory Coast,Crystal Palace
B. Lecomte,82,France,Montpellier HSC
F. de Jong,82,Netherlands,Ajax
T. Meunier,82,Belgium,Paris Saint-Germain
A. Belotti,82,Italy,Torino
P. Gulácsi,82,Hungary,RB Leipzig
J. Cillessen,82,Netherlands,FC Barcelona
X. Shaqiri,82,Switzerland,Liverpool
M. Balotelli,82,Italy,Olympique de Marseille
M. Politano,82,Italy,Inter
T. Delaney,82,Denmark,Borussia Dortmund
P. Čech,82,Czech Republic,Arsenal
J. Henderson,82,England,Liverpool
O. Giroud,82,France,Chelsea
D. Rugani,82,Italy,Juventus
H. Herrera,82,Mexico,Mexico
F. Bernardeschi,82,Italy,Juventus
V. Ćorluka,82,Croatia,Lokomotiv Moscow
T. Strakosha,82,Albania,Lazio
T. Partey,82,Ghana,Atlético Madrid
S. Mandanda,82,France,Olympique de Marseille
G. Bonaventura,82,Italy,Milan
R. Fährmann,82,Germany,FC Schalke 04
S. Giovinco,82,Italy,Italy
L. Torreira,82,Uruguay,Arsenal
A. Rüdiger,82,Germany,Chelsea
E. Forsberg,82,Sweden,RB Leipzig
P. Zieliński,82,Poland,Napoli
A. Ramsey,82,Wales,Arsenal
G. Sigurðsson,82,Iceland,Everton
K. Bellarabi,82,Germany,Bayer 04 Leverkusen
C. Lenglet,82,France,FC Barcelona
A. Florenzi,82,Italy,Roma
A. Consigli,82,Italy,Sassuolo
D. Tadić,81,Serbia,Ajax
L. Jović,81,Serbia,Eintracht Frankfurt
L. Stindl,81,Germany,Borussia Mönchengladbach
A. Plea,81,France,Borussia Mönchengladbach
K. Havertz,81,Germany,Bayer 04 Leverkusen
R. Guerreiro,81,Portugal,Borussia Dortmund
B. Höwedes,81,Germany,Lokomotiv Moscow
L. Fabiański,81,Poland,West Ham United
M. Ginter,81,Germany,Borussia Mönchengladbach
S. Vrsaljko,81,Croatia,Inter
M. Nastasić,81,Serbia,FC Schalke 04
B. Gomis,81,France,Al Hilal
K. Boateng,81,Ghana,FC Barcelona
F. Ghoulam,81,Algeria,Napoli
C. Stuani,81,Uruguay,Girona FC
E. Bailly,81,Ivory Coast,Manchester United
J. Milner,81,England,Liverpool
M. Sabitzer,81,Austria,RB Leipzig
A. Areola,81,France,Paris Saint-Germain
K. Vogt,81,Germany,TSG 1899 Hoffenheim
S. Nzonzi,81,France,Roma
L. Fejsa,81,Serbia,SL Benfica
S. Kjær,81,Denmark,Sevilla FC
C. Vela,81,Mexico,Los Angeles FC
D. Rose,81,England,Tottenham Hotspur
S. Zaza,81,Italy,Torino
W. Ndidi,81,Nigeria,Leicester City
M. Brozović,81,Croatia,Inter
M. Almirón,81,Paraguay,Newcastle United
T. Bakayoko,81,France,Milan
F. Muslera,81,Uruguay,Galatasaray SK
K. Trapp,81,Germany,Eintracht Frankfurt
G. Kondogbia,81,Central African Rep.,Valencia CF
L. Piszczek,81,Poland,Borussia Dortmund
J. Iličić,81,Slovenia,Atalanta
S. El Shaarawy,81,Italy,Roma
G. Xhaka,81,Switzerland,Arsenal
K. Volland,81,Germany,Bayer 04 Leverkusen
L. Digne,81,France,Everton
S. Bender,81,Germany,Bayer 04 Leverkusen
J. Roussillon,81,France,VfL Wolfsburg
J. Corona,81,Mexico,Mexico
B. Mendy,81,France,Manchester City
A. Doucouré,81,France,Watford
V. Lindelöf,81,Sweden,Manchester United
C. Kramer,81,Germany,Borussia Mönchengladbach
A. Correa,81,Argentina,Atlético Madrid
E. Salvio,81,Argentina,SL Benfica
C. Aránguiz,81,Chile,Bayer 04 Leverkusen
E. Lamela,81,Argentina,Tottenham Hotspur
N. Schulz,81,Germany,TSG 1899 Hoffenheim
D. Lovren,81,Croatia,Liverpool
J. Brandt,81,Germany,Bayer 04 Leverkusen
M. Akanji,81,Switzerland,Borussia Dortmund
J. Pastore,81,Argentina,Roma
S. Verdi,81,Italy,Napoli
L. Bailey,81,Jamaica,Bayer 04 Leverkusen
M. Götze,81,Germany,Borussia Dortmund
J. Mathieu,81,France,Sporting CP
F. Smolov,81,Russia,Lokomotiv Moscow
M. Marega,81,Mali,FC Porto
A. Oxlade-Chamberlain,80,England,Liverpool
S. Ulreich,80,Germany,FC Bayern München
S. Aurier,80,Ivory Coast,Tottenham Hotspur
M. Valbuena,80,France,Fenerbahçe SK
Y. M'Vila,80,France,AS Saint-Étienne
W. Rooney,80,England,DC United
D. Criscito,80,Italy,Genoa
M. Sanson,80,France,Olympique de Marseille
S. Bergwijn,80,Netherlands,PSV
L. Muriel,80,Colombia,Fiorentina
M. Musacchio,80,Argentina,Milan
A. Granqvist,80,Sweden,Sweden
M. Vecino,80,Uruguay,Inter
K. Baldé,80,Senegal,Inter
A. Christensen,80,Denmark,Chelsea
A. Modeste,80,France,1. FC Köln
A. Mandi,80,Algeria,Real Betis
J. Murillo,80,Colombia,FC Barcelona
A. Onana,80,Cameroon,Ajax
D. Blind,80,Netherlands,Ajax
E. Hysaj,80,Albania,Napoli
T. Vaclík,80,Czech Republic,Sevilla FC
M. Batshuayi,80,Belgium,Crystal Palace
A. Yarmolenko,80,Ukraine,West Ham United
C. Bacca,80,Colombia,Villarreal CF
E. Zahavi,80,Israel,Guangzhou R&F FC
E. Dier,80,England,Tottenham Hotspur
M. Acuña,80,Argentina,Argentina
A. Gignac,80,France,Tigres U.A.N.L.
L. Perrin,80,France,AS Saint-Étienne
R. Rodríguez,80,Switzerland,Milan
D. Vida,80,Croatia,Beşiktaş JK
J. Seri,80,Ivory Coast,Fulham
D. Valeri,80,Argentina,Portland Timbers
O. Toprak,80,Turkey,Borussia Dortmund
J. Quintero,80,Colombia,Colombia
M. Ryan,80,Australia,Brighton & Hove Albion
L. Paredes,80,Argentina,Paris Saint-Germain
K. Gameiro,80,France,Valencia CF
S. Sorrentino,80,Italy,Chievo Verona
M. Škrtel,80,Slovakia,Fenerbahçe SK
I. Akinfeev,80,Russia,PFC CSKA Moscow
F. Balbuena,80,Paraguay,West Ham United
J. Matip,80,Cameroon,Liverpool
T. Inui,80,Japan,Deportivo Alavés
H. Çalhanoğlu,80,Turkey,Milan
J. Zoet,80,Netherlands,PSV
D. Perotti,80,Argentina,Roma
M. Lanzini,80,Argentina,West Ham United
L. de Jong,80,Netherlands,PSV
N. Pépé,80,Ivory Coast,LOSC Lille
I. Piatti,80,Argentina,Montreal Impact
D. Didavi,80,Germany,VfB Stuttgart
J. Guilavogui,80,France,VfL Wolfsburg
A. Rami,80,France,Olympique de Marseille
L. López,80,Argentina,Racing Club
J. Mascherano,80,Argentina,Hebei China Fortune FC
N. Nkoulou,80,Cameroon,Torino
V. Aboubakar,80,Cameroon,Cameroon
R. Pereyra,80,Argentina,Watford
E. Can,80,Germany,Juventus
T. Stepanenko,80,Ukraine,Shakhtar Donetsk
A. Fernández,80,Argentina,Beijing Renhe FC
C. Tătăruşanu,80,Romania,FC Nantes
P. Kadeřábek,80,Czech Republic,TSG 1899 Hoffenheim
T. Ndombele,80,France,Olympique Lyonnais
G. Rulli,80,Argentina,Real Sociedad
J. Weigl,80,Germany,Borussia Dortmund
N. Tagliafico,80,Argentina,Ajax
M. Dahoud,80,Germany,Borussia Dortmund
M. Caldara,80,Italy,Milan
M. Gómez,80,Uruguay,RC Celta
G. Pezzella,80,Argentina,Fiorentina
A. Rebić,80,Croatia,Eintracht Frankfurt
V. Birsa,80,Slovenia,Cagliari
F. Armani,80,Argentina,Argentina
L. Shaw,80,England,Manchester United
N. Aké,80,Netherlands,Bournemouth
I. Denisov,80,Russia,Lokomotiv Moscow
B. Davies,80,Wales,Tottenham Hotspur
A. Candreva,80,Italy,Inter
S. Kagawa,80,Japan,Beşiktaş JK
S. Radu,80,Romania,Lazio
J. Butland,80,England,Stoke City
Y. Poulsen,80,Denmark,RB Leipzig
S. Romero,80,Argentina,Manchester United
C. Smalling,80,England,Manchester United
H. Aouar,80,France,Olympique Lyonnais
F. Coquelin,79,France,Valencia CF
A. Masiello,79,Italy,Atalanta
R. Babel,79,Netherlands,Fulham
D. Benedetto,79,Argentina,Boca Juniors
B. Hübner,79,Germany,TSG 1899 Hoffenheim
N. Clyne,79,England,Bournemouth
E. Capoue,79,France,Watford
S. Arias,79,Colombia,Atlético Madrid
T. Walcott,79,England,Everton
M. Hasebe,79,Japan,Eintracht Frankfurt
P. Wernbloom,79,Sweden,PAOK
J. Gbamin,79,Ivory Coast,1. FSV Mainz 05
B. Pavard,79,France,VfB Stuttgart
Y. Bounou,79,Morocco,Girona FC
H. Ben Arfa,79,France,Stade Rennais FC
F. Cervi,79,Argentina,SL Benfica
J. Hector,79,Germany,1. FC Köln
J. Hofmann,79,Germany,Borussia Mönchengladbach
D. Sidibé,79,France,AS Monaco
R. Zieler,79,Germany,VfB Stuttgart
L. Dendoncker,79,Belgium,Wolverhampton Wanderers
R. Boudebouz,79,Algeria,RC Celta
J. Tarkowski,79,England,Burnley
K. Rekik,79,Netherlands,Hertha BSC
S. Berghuis,79,Netherlands,Feyenoord
J. Sancho,79,England,Borussia Dortmund
N. Pope,79,England,Burnley
L. Alario,79,Argentina,Bayer 04 Leverkusen
Z. Feddal,79,Morocco,Real Betis
H. Winks,79,England,Tottenham Hotspur
M. Rojo,79,Argentina,Manchester United
D. Demme,79,Germany,RB Leipzig
G. Pizarro,79,Argentina,Tigres U.A.N.L.
M. Uth,79,Germany,FC Schalke 04
V. Tsygankov,79,Ukraine,Dynamo Kyiv
T. Alexander-Arnold,79,England,Liverpool
S. Feghouli,79,Algeria,Galatasaray SK
J. Brooks,79,United States,VfL Wolfsburg
F. Kessié,79,Ivory Coast,Milan
J. Correa,79,Argentina,Lazio
L. Tousart,79,France,Olympique Lyonnais
Y. Belhanda,79,Morocco,Galatasaray SK
D. Klaassen,79,Netherlands,SV Werder Bremen
S. Coleman,79,Republic of Ireland,Everton
E. Belözoğlu,79,Turkey,Medipol Başakşehir FK
M. Gregoritsch,79,Austria,FC Augsburg
H. Vanaken,79,Belgium,Club Brugge KV
B. Stambouli,79,France,FC Schalke 04
I. Smolnikov,79,Russia,Russia
V. Rongier,79,France,FC Nantes
A. Valencia,79,Ecuador,Manchester United
J. Hernández,79,Mexico,West Ham United
S. Kalou,79,Ivory Coast,Hertha BSC
K. Asamoah,79,Ghana,Inter
D. Sturridge,79,England,Liverpool
M. Eggestein,79,Germany,SV Werder Bremen
B. Costil,79,France,FC Girondins de Bordeaux
K. Toko-Ekambi,79,Cameroon,Villarreal CF
J. Gouweleeuw,79,Netherlands,FC Augsburg
L. Martínez,79,Argentina,Inter
F. Delph,79,England,Manchester City
E. Lavezzi,79,Argentina,Hebei China Fortune FC
S. Defour,79,Belgium,Burnley
J. Guðmundsson,79,Iceland,Burnley
I. Marcone,79,Argentina,Boca Juniors
S. Jovetić,79,Montenegro,AS Monaco
J. Lerma,79,Colombia,Bournemouth
R. Barkley,79,England,Chelsea
M. Dabbur,79,Israel,FC Red Bull Salzburg
D. Caligiuri,79,Italy,FC Schalke 04
C. Wilson,79,England,Bournemouth
M. Campaña,79,Uruguay,Uruguay
M. Gómez,79,Germany,VfB Stuttgart
T. Kehrer,79,Germany,Paris Saint-Germain
S. Nasri,79,France,West Ham United
D. Ospina,79,Colombia,Napoli
B. Yılmaz,79,Turkey,Beşiktaş JK
W. Orban,79,Hungary,RB Leipzig
A. Diallo,79,France,Borussia Dortmund
M. Dúbravka,79,Slovakia,Newcastle United
K. Zouma,79,France,Everton
D. Baselli,79,Italy,Torino
B. Verbič,79,Slovenia,Dynamo Kyiv
M. Badelj,79,Croatia,Lazio
S. Rudy,79,Germany,FC Schalke 04
M. Dmitrović,79,Serbia,SD Eibar
V. Wanyama,79,Kenya,Tottenham Hotspur
F. Mendy,79,France,Olympique Lyonnais
G. Martínez,79,Argentina,Atlanta United
A. Ljajić,79,Serbia,Beşiktaş JK
J. Veretout,79,France,Fiorentina
A. Young,79,England,Manchester United
M. Hitz,79,Switzerland,Borussia Dortmund
F. Chiesa,79,Italy,Fiorentina
D. Zappacosta,79,Italy,Chelsea
G. Cahill,79,England,Chelsea
C. Pavón,79,Argentina,Boca Juniors
W. Khazri,79,Tunisia,AS Saint-Étienne
A. Lallana,79,England,Liverpool
N. Kalinić,79,Croatia,Atlético Madrid
R. Zobnin,79,Russia,Spartak Moscow
M. Keane,79,England,Everton
D. Zapata,79,Colombia,Atalanta
A. Finnbogason,79,Iceland,FC Augsburg
J. Vestergaard,79,Denmark,Southampton
A. Lunev,79,Russia,Russia
P. Jones,79,England,Manchester United
B. Schweinsteiger,79,Germany,Chicago Fire
G. Ramírez,79,Uruguay,Sampdoria
G. Mercado,79,Argentina,Sevilla FC
D. Wass,79,Denmark,Valencia CF
G. Medel,79,Chile,Beşiktaş JK
B. Foster,79,England,Watford
L. Pratto,79,Argentina,River Plate
L. Pellegrini,79,Italy,Roma
M. Sakho,79,France,Crystal Palace
A. Saint-Maximin,79,France,OGC Nice
J. Wilshere,79,England,West Ham United
A. Januzaj,79,Belgium,Real Sociedad
T. Heaton,79,England,Burnley
L. Karius,79,Germany,Beşiktaş JK
L. Milivojević,79,Serbia,Crystal Palace
S. Kolašinac,79,Bosnia Herzegovina,Arsenal
V. Chiricheş,78,Romania,Napoli
D. Cheryshev,78,Russia,Valencia CF
A. Trebel,78,France,RSC Anderlecht
J. Lens,78,Netherlands,Beşiktaş JK
R. van Persie,78,Netherlands,Feyenoord
O. Vlachodimos,78,Greece,Greece
C. Bravo,78,Chile,Manchester City
B. Mee,78,England,Burnley
C. Tosun,78,Turkey,Everton
K. Honda,78,Japan,Melbourne Victory
J. Tomkins,78,England,Crystal Palace
R. Loftus-Cheek,78,England,Chelsea
D. Srna,78,Croatia,Cagliari
R. Fraser,78,Scotland,Bournemouth
L. Pavoletti,78,Italy,Cagliari
R. Jiménez,78,Mexico,Wolverhampton Wanderers
J. Holebas,78,Greece,Watford
Z. Junuzović,78,Austria,FC Red Bull Salzburg
C. Pulisic,78,United States,Borussia Dortmund
Y. Tielemans,78,Belgium,Leicester City
W. Benítez,78,Argentina,OGC Nice
A. Lafont,78,France,Fiorentina
O. Al Soma,78,Syria,Al Ahli
A. Sanabria,78,Paraguay,Genoa
N. Bentaleb,78,Algeria,FC Schalke 04
A. Selikhov,78,Russia,Spartak Moscow
A. Harit,78,Morocco,FC Schalke 04
G. Defrel,78,France,Sampdoria
A. Marušić,78,Montenegro,Lazio
D. Berardi,78,Italy,Sassuolo
J. Lascelles,78,England,Newcastle United
M. De Sciglio,78,Italy,Juventus
A. Iwobi,78,Nigeria,Arsenal
L. Dunk,78,England,Brighton & Hove Albion
A. Golovin,78,Russia,AS Monaco
S. Cook,78,England,Bournemouth
G. Simeone,78,Argentina,Fiorentina
M. Meza,78,Argentina,Argentina
N. Elvedi,78,Switzerland,Borussia Mönchengladbach
N. Stark,78,Germany,Hertha BSC
Y. Mina,78,Colombia,Everton
W. Cyprien,78,France,OGC Nice
M. Philipp,78,Germany,Borussia Dortmund
D. Djené,78,Togo,Getafe CF
R. Malinovskyi,78,Ukraine,KRC Genk
N. Pallois,78,France,FC Nantes
N. Barella,78,Italy,Cagliari
J. Gomez,78,England,Liverpool
S. García,78,Uruguay,Godoy Cruz
M. Díaz,78,Argentina,Boca Juniors
P. Lees-Melou,78,France,OGC Nice
B. Chilwell,78,England,Leicester City
M. Lazzari,78,Italy,SPAL
A. Hakimi,78,Morocco,Borussia Dortmund
D. Samassékou,78,Mali,FC Red Bull Salzburg
C. Ünder,78,Turkey,Roma
W. Barrios,78,Colombia,Colombia
N. Maksimović,78,Serbia,Napoli
M. Sportiello,78,Italy,Frosinone
A. Mitrović,78,Serbia,Fulham
S. Lobotka,78,Slovakia,RC Celta
L. Dubois,78,France,Olympique Lyonnais
W. Weghorst,78,Netherlands,VfL Wolfsburg
D. Calabria,78,Italy,Milan
C. Schindler,78,Germany,Huddersfield Town
M. Debuchy,78,France,AS Saint-Étienne
Y. Konoplyanka,78,Ukraine,FC Schalke 04
J. Mojica,78,Colombia,Girona FC
D. Laxalt,78,Uruguay,Milan
R. Battaglia,78,Argentina,Argentina
M. Hinteregger,78,Austria,Eintracht Frankfurt
J. Baumgartlinger,78,Austria,Bayer 04 Leverkusen
O. Karnezis,78,Greece,Napoli
J. Hart,78,England,Burnley
E. Hernández,78,Mexico,Cruz Azul
D. Ginczek,78,Germany,VfL Wolfsburg
P. Sisto,78,Denmark,RC Celta
M. Cáceres,78,Uruguay,Juventus
L. Kurzawa,78,France,Paris Saint-Germain
J. Farfán,78,Peru,Lokomotiv Moscow
W. Boly,78,France,Wolverhampton Wanderers
J. Shelvey,78,England,Newcastle United
R. Aguilar,78,France,Montpellier HSC
F. Fajr,78,Morocco,Stade Malherbe Caen
B. Cristante,78,Italy,Roma
M. Arnold,78,Germany,VfL Wolfsburg
M. Gradel,78,Ivory Coast,Toulouse Football Club
R. Saponara,78,Italy,Sampdoria
B. Traoré,78,Burkina Faso,Olympique Lyonnais
D. Abraham,78,Argentina,Eintracht Frankfurt
R. Olsen,78,Sweden,Roma
K. Mirallas,78,Belgium,Fiorentina
B. Reynet,78,France,Toulouse Football Club
L. Trossard,78,Belgium,KRC Genk
P. Hernández,78,Chile,Chile
M. Meyer,78,Germany,Crystal Palace
V. Moses,78,Nigeria,Fenerbahçe SK
R. Vormer,78,Netherlands,Club Brugge KV
C. Izquierdoz,78,Argentina,Boca Juniors
K. Lala,78,France,RC Strasbourg Alsace
M. Lemina,78,Gabon,Southampton
M. Schneiderlin,78,France,Everton
M. Antonio,78,England,West Ham United
F. Kostić,78,Serbia,Eintracht Frankfurt
A. Mooy,78,Australia,Huddersfield Town
T. Vilhena,78,Netherlands,Feyenoord
A. Cragno,78,Italy,Cagliari
A. Schwolow,78,Germany,SC Freiburg
M. Halstenberg,78,Germany,RB Leipzig
R. Bentancur,78,Uruguay,Juventus
R. Bertrand,78,England,Southampton
A. Begović,78,Bosnia Herzegovina,Bournemouth
T. Kongolo,78,Netherlands,Huddersfield Town
N. Amiri,78,Germany,TSG 1899 Hoffenheim
R. Alessandrini,78,France,LA Galaxy
R. Gagliardini,78,Italy,Inter
A. Dzyuba,78,Russia,Russia
L. Bittencourt,78,Germany,TSG 1899 Hoffenheim
J. Denayer,78,Belgium,Olympique Lyonnais
D. Pröpper,78,Netherlands,Brighton & Hove Albion
M. Elyounoussi,78,Norway,Southampton
D. Baier,78,Germany,FC Augsburg
R. Cabella,78,France,AS Saint-Étienne
A. Carrillo,78,Peru,Peru
G. Laborde,78,France,Montpellier HSC
H. Sakai,78,Japan,Olympique de Marseille
K. Fortounis,78,Greece,Olympiacos CFP
L. Castro,78,Argentina,Cagliari
D. da Costa,78,Germany,Eintracht Frankfurt
T. Hernández,77,France,Real Sociedad
M. Layún,77,Mexico,Mexico
G. Paletta,77,Italy,Jiangsu Suning FC
E. Bardhi,77,FYR Macedonia,Levante UD
R. Ábila,77,Argentina,Boca Juniors
F. Kamano,77,Guinea,FC Girondins de Bordeaux
G. Ochoa,77,Mexico,Standard de Liège
G. Rodríguez,77,Argentina,Club América
F. Higuaín,77,Argentina,Columbus Crew SC
G. Hoarau,77,France,BSC Young Boys
A. Schöpf,77,Austria,FC Schalke 04
P. Diop,77,Senegal,SD Eibar
S. Lichtsteiner,77,Switzerland,Arsenal
F. Ferreyra,77,Argentina,RCD Espanyol
G. Maripán,77,Chile,Deportivo Alavés
S. Aziz,77,Turkey,Fenerbahçe SK
A. Barák,77,Czech Republic,Udinese
D. van de Beek,77,Netherlands,Ajax
S. Rondón,77,Venezuela,Newcastle United
L. Acosta,77,Argentina,DC United
A. Dragović,77,Austria,Bayer 04 Leverkusen
C. Ansaldi,77,Argentina,Torino
F. Johnson,77,United States,Borussia Mönchengladbach
F. Andone,77,Romania,Brighton & Hove Albion
M. Dembélé,77,France,Olympique Lyonnais
W. Hughes,77,England,Watford
G. Pereiro,77,Uruguay,PSV
H. Pérez,77,Paraguay,RCD Espanyol
R. Funes Mori,77,Argentina,Villarreal CF
L. Ocampos,77,Argentina,Olympique de Marseille
M. Wolf,77,Germany,Borussia Dortmund
S. Ristovski,77,FYR Macedonia,Sporting CP
S. Sanogo,77,Ivory Coast,Al Ittihad
B. Bourigeaud,77,France,Stade Rennais FC
C. Wood,77,New Zealand,Burnley
N. Chadli,77,Belgium,AS Monaco
E. Giaccherini,77,Italy,Chievo Verona
L. Klostermann,77,Germany,RB Leipzig
V. Darida,77,Czech Republic,Hertha BSC
A. Pyatov,77,Ukraine,Shakhtar Donetsk
M. Ritchie,77,Scotland,Newcastle United
R. Inglese,77,Italy,Parma
I. Abate,77,Italy,Milan
E. Choupo-Moting,77,Cameroon,Paris Saint-Germain
D. Janmaat,77,Netherlands,Watford
G. González,77,Costa Rica,Bologna
M. Doherty,77,Republic of Ireland,Wolverhampton Wanderers
F. Orellana,77,Chile,SD Eibar
J. Hendrix,77,Netherlands,PSV
J. Maddison,77,England,Leicester City
D. Kohr,77,Germany,Bayer 04 Leverkusen
M. Gabbiadini,77,Italy,Sampdoria
P. Groß,77,Germany,Brighton & Hove Albion
J. Valdivia,77,Chile,Colo-Colo
J. Cork,77,England,Burnley
D. Latza,77,Germany,1. FSV Mainz 05
A. Bertolacci,77,Italy,Milan
J. Sand,77,Argentina,Club Atlético Lanús
S. Meïté,77,France,Torino
D. Kuzyaev,77,Russia,Russia
M. Albrighton,77,England,Leicester City
P. Max,77,Germany,FC Augsburg
J. Aquino,77,Mexico,Tigres U.A.N.L.
F. Mollet,77,France,Montpellier HSC
F. Lustenberger,77,Switzerland,Hertha BSC
I. Bebou,77,Togo,Hannover 96
A. Prijović,77,Serbia,Al Ittihad
J. dos Santos,77,Mexico,LA Galaxy
K. Mitroglou,77,Greece,Galatasaray SK
L. Chichizola,77,Argentina,Getafe CF
J. Villar,77,Paraguay,Paraguay
P. Højbjerg,77,Denmark,Southampton
C. Tévez,77,Argentina,Boca Juniors
F. Mancuello,77,Argentina,Deportivo Toluca
N. Jørgensen,77,Denmark,Feyenoord
J. Martin,77,France,RC Strasbourg Alsace
B. Moukandjo,77,Cameroon,Jiangsu Suning FC
R. De Paul,77,Argentina,Udinese
F. Caicedo,77,Ecuador,Lazio
J. Lukaku,77,Belgium,Lazio
G. Murray,77,England,Brighton & Hove Albion
A. McCarthy,77,England,Southampton
F. Krovinović,77,Croatia,SL Benfica
N. Müller,77,Germany,Hannover 96
M. Sels,77,Belgium,RC Strasbourg Alsace
E. Pulgar,77,Chile,Bologna
I. Sarr,77,Senegal,Stade Rennais FC
T. Rincón,77,Venezuela,Torino
D. Basta,77,Serbia,Lazio
A. Ekdal,77,Sweden,Sampdoria
T. Chandler,77,United States,Eintracht Frankfurt
G. Bou,77,Argentina,Club Tijuana
M. Dossevi,77,Togo,Toulouse Football Club
N. Guzmán,77,Argentina,Tigres U.A.N.L.
T. Vermaelen,77,Belgium,FC Barcelona
L. Schøne,77,Denmark,Ajax
R. Borré,77,Colombia,River Plate
R. Palacio,77,Argentina,Bologna
A. Schürrle,77,Germany,Fulham
J. Kucka,77,Slovakia,Parma
C. Piccini,77,Italy,Valencia CF
K. Lasagna,77,Italy,Udinese
S. Terodde,77,Germany,1. FC Köln
A. Szymanowski,77,Argentina,CD Leganés
D. Cvitanich,77,Argentina,Racing Club
V. Odjidja-Ofoe,77,Belgium,KAA Gent
E. Elia,77,Netherlands,Medipol Başakşehir FK
M. Carcela-González,77,Morocco,Standard de Liège
M. Plattenhardt,77,Germany,Hertha BSC
D. Welbeck,77,England,Arsenal
A. Ogbonna,77,Italy,West Ham United
T. Gutiérrez,77,Colombia,Junior FC
R. Soriano,77,Italy,Bologna
G. Sio,77,Ivory Coast,Côte d'Ivoire
L. Augustinsson,77,Sweden,SV Werder Bremen
J. McCarthy,77,Republic of Ireland,Everton
V. Vasin,77,Russia,PFC CSKA Moscow
C. Sánchez,77,Colombia,West Ham United
I. Radovanović,77,Serbia,Genoa
D. Origi,77,Belgium,Liverpool
N. Gudelj,77,Serbia,Sporting CP
O. Yokuşlu,77,Turkey,RC Celta
E. Gigliotti,77,Argentina,Deportivo Toluca
N. Pejčinović,77,Serbia,Changchun Yatai FC
D. Upamecano,77,France,RB Leipzig
E. Gutiérrez,77,Mexico,PSV
J. Guidetti,77,Sweden,Deportivo Alavés
J. Augustin,77,France,RB Leipzig
S. Boufal,77,Morocco,RC Celta
M. Lang,77,Switzerland,Borussia Mönchengladbach
A. Jahanbakhsh,77,Iran,Brighton & Hove Albion
E. Bičakčić,77,Bosnia Herzegovina,TSG 1899 Hoffenheim
M. Jørgensen,77,Denmark,Huddersfield Town
S. Berge,77,Norway,KRC Genk
G. Dzhikiya,77,Russia,Spartak Moscow
V. Fischer,77,Denmark,FC København
K. Mbabu,77,Switzerland,Switzerland
A. Donatti,77,Argentina,Racing Club
D. Buonanotte,77,Argentina,Universidad Católica
A. Mehmedi,77,Switzerland,VfL Wolfsburg
P. Herrmann,77,Germany,Borussia Mönchengladbach
L. Spinazzola,77,Italy,Juventus
D. Selke,77,Germany,Hertha BSC
V. Ibišević,77,Bosnia Herzegovina,Hertha BSC
M. Schmelzer,77,Germany,Borussia Dortmund
G. Shibasaki,77,Japan,Getafe CF
K. Mbodji,77,Senegal,RSC Anderlecht
F. Cartabia,77,Argentina,Deportivo de La Coruña
E. Ünal,77,Turkey,Real Valladolid CF
A. Delort,77,France,Montpellier HSC
A. Živković,77,Serbia,SL Benfica
S. Lainer,77,Austria,Austria
A. Izzo,77,Italy,Torino
O. Abdulrahman,77,United Arab Emirates,Al Hilal
K. Papadopoulos,77,Greece,Hamburger SV
S. De Maio,77,France,Udinese
M. Elneny,77,Egypt,Arsenal
D. Zakaria,77,Switzerland,Borussia Mönchengladbach
D. Suárez,77,Uruguay,Getafe CF
S. Ascacíbar,77,Argentina,VfB Stuttgart
R. Sambueza,77,Argentina,Club León
L. Tonelli,77,Italy,Sampdoria
G. Clichy,77,France,Medipol Başakşehir FK
E. Akbaba,77,Turkey,Galatasaray SK
A. Poli,77,Italy,Bologna
S. Sydorchuk,77,Ukraine,Dynamo Kyiv
C. Grenier,77,France,Stade Rennais FC
M. Zárate,77,Argentina,Boca Juniors
M. Nakamba,77,Zimbabwe,Club Brugge KV
P. Schick,77,Czech Republic,Roma
M. Benassi,77,Italy,Fiorentina
B. Natcho,77,Israel,Olympiacos CFP
A. Ayew,77,Ghana,Fenerbahçe SK
C. Ortíz,77,Paraguay,Paraguay
R. Klavan,77,Estonia,Cagliari
P. Jagielka,77,England,Everton
P. Jansson,77,Sweden,Leeds United
F. Grillitsch,77,Austria,TSG 1899 Hoffenheim
B. Espinosa,77,Colombia,Girona FC
B. André,77,France,Stade Rennais FC
W. Anton,77,Germany,Hannover 96
E. Skhiri,77,Tunisia,Montpellier HSC
R. Civelli,77,Argentina,Club Atlético Banfield
M. Samatta,77,Tanzania,KRC Genk
M. Lowton,77,England,Burnley
O. Ighalo,77,Nigeria,Shanghai Greenland Shenhua FC
K. Tete,77,Netherlands,Olympique Lyonnais
I. Diop,77,France,West Ham United
J. Defoe,77,England,Rangers FC
J. Pinola,77,Argentina,River Plate
J. Ward-Prowse,77,England,Southampton
B. Džemaili,77,Switzerland,Bologna
V. Babacan,77,Turkey,Medipol Başakşehir FK
K. El Ahmadi,77,Morocco,Al Ittihad
N. Füllkrug,77,Germany,Hannover 96
J. Calleri,77,Argentina,Deportivo Alavés
T. Strobl,77,Germany,Borussia Mönchengladbach
K. Huntelaar,77,Netherlands,Ajax
M. Suchý,77,Czech Republic,FC Basel 1893
S. Tasci,77,Germany,Medipol Başakşehir FK
F. Fabra,77,Colombia,Boca Juniors
L. Cook,77,England,Bournemouth
O. Wendt,77,Sweden,Borussia Mönchengladbach
R. Freuler,77,Switzerland,Atalanta
R. Centurión,77,Argentina,Racing Club
J. Maidana,77,Argentina,Deportivo Toluca
J. De Guzmán,77,Netherlands,Eintracht Frankfurt
P. Cutrone,77,Italy,Milan
D. Garmash,77,Ukraine,Dynamo Kyiv
A. Marchesín,77,Argentina,Argentina
M. Weiser,77,Germany,Bayer 04 Leverkusen
A. Miranchuk,77,Russia,Lokomotiv Moscow
M. Pereira,77,Uruguay,FC Porto
G. Escalante,77,Argentina,SD Eibar
R. Gurtner,77,France,Amiens SC
M. Harnik,77,Austria,SV Werder Bremen
P. Pérez,77,Argentina,Independiente
V. Grifo,77,Italy,SC Freiburg
L. Podolski,77,Germany,Vissel Kobe
N. Domínguez,77,Argentina,Racing Club
A. Petagna,76,Italy,SPAL
K. Piątek,76,Poland,Milan
V. Eysseric,76,France,FC Nantes
F. Guilbert,76,France,Stade Malherbe Caen
Y. Karamoh,76,France,FC Girondins de Bordeaux
A. Thomasson,76,France,RC Strasbourg Alsace
K. Tierney,76,Scotland,Celtic
V. Koziello,76,France,1. FC Köln
A. Ndiaye Diedhiou,76,Senegal,Getafe CF
F. Roncaglia,76,Argentina,Valencia CF
P. Aguilar,76,Paraguay,Cruz Azul
B. Sarr,76,France,Olympique de Marseille
Y. Mvogo,76,Switzerland,RB Leipzig
W. Morgan,76,Jamaica,Leicester City
R. Durmisi,76,Denmark,Lazio
Y. Kobayashi,76,Japan,Kawasaki Frontale
C. Cathcart,76,Northern Ireland,Watford
M. Fabián,76,Mexico,Philadelphia Union
I. Brizuela,76,Mexico,Guadalajara
J. Andersen,76,Denmark,Sampdoria
P. Hetemaj,76,Finland,Chievo Verona
M. Höger,76,Germany,1. FC Köln
N. Sliti,76,Tunisia,Dijon FCO
M. Arambarri,76,Uruguay,Getafe CF
S. Gigot,76,France,Spartak Moscow
C. Nkunku,76,France,Paris Saint-Germain
H. Tekin,76,Turkey,Fenerbahçe SK
E. Insúa,76,Argentina,VfB Stuttgart
D. Yedlin,76,United States,Newcastle United
N. Domingo,76,Argentina,Independiente
A. Wan-Bissaka,76,England,Crystal Palace
F. Tait,76,France,Angers SCO
M. Bradley,76,United States,Toronto FC
R. Morrison,76,England,Östersunds FK
C. Dawson,76,England,West Bromwich Albion
G. Cano,76,Argentina,Independiente Medellín
A. Danjuma Groeneveld,76,Netherlands,Club Brugge KV
J. Aholou,76,Ivory Coast,AS Monaco
A. Hegazi,76,Egypt,West Bromwich Albion
O. Trejo,76,Argentina,Rayo Vallecano
B. Mechele,76,Belgium,Club Brugge KV
X. Schlager,76,Austria,Austria
D. Praet,76,Belgium,Sampdoria
O. Colley,76,Gambia,Sampdoria
M. Topal,76,Turkey,Fenerbahçe SK
J. Orozco,76,Mexico,Santos Laguna
J. McArthur,76,Scotland,Crystal Palace
L. Blas,76,France,En Avant de Guingamp
N. El Zhar,76,Morocco,CD Leganés
J. Brekalo,76,Croatia,VfL Wolfsburg
M. Pjaca,76,Croatia,Fiorentina
D. Moreno,76,Colombia,Club Atlético Talleres
O. Duda,76,Slovakia,Hertha BSC
J. Forrest,76,Scotland,Celtic
A. Hunt,76,Germany,Hamburger SV
P. Guiñazú,76,Argentina,Club Atlético Talleres
M. Diakhaby,76,France,Valencia CF
J. Allen,76,Wales,Stoke City
F. Bustos,76,Argentina,Independiente
B. Embolo,76,Switzerland,FC Schalke 04
N. Castillo,76,Chile,Chile
D. Quintero,76,Colombia,Minnesota United FC
S. Bamba,76,Ivory Coast,Cardiff City
C. Gentner,76,Germany,VfB Stuttgart
I. Konaté,76,France,RB Leipzig
C. Kouyaté,76,Senegal,Crystal Palace
H. Badstuber,76,Germany,VfB Stuttgart
E. Palacios,76,Argentina,River Plate
C. Borges,76,Costa Rica,Göztepe SK
A. Diaby,76,Mali,Sporting CP
L. Christodoulopoulos,76,Greece,Olympiacos CFP
S. Tshabalala,76,South Africa,BB Erzurumspor
T. Gebre Selassie,76,Czech Republic,SV Werder Bremen
S. Rode,76,Germany,Eintracht Frankfurt
E. Mangala,76,France,Manchester City
L. Rupp,76,Germany,TSG 1899 Hoffenheim
F. Di Francesco,76,Italy,Sassuolo
D. Boyko,76,Ukraine,Dynamo Kyiv
P. Bargfrede,76,Germany,SV Werder Bremen
G. Conti,76,Argentina,SL Benfica
D. Dumfries,76,Netherlands,PSV
D. Ings,76,England,Southampton
J. Sosa,76,Argentina,Trabzonspor
M. Holgate,76,England,West Bromwich Albion
D. Zurutuza,76,France,Real Sociedad
J. Palomino,76,Argentina,Atalanta
C. Vargas,76,Colombia,Deportivo Cali
M. Rashica,76,Kosovo,SV Werder Bremen
M. Noble,76,England,West Ham United
N. Blandi,76,Argentina,San Lorenzo de Almagro
F. Benković,76,Croatia,Celtic
M. Niang,76,Senegal,Stade Rennais FC
M. Phillips,76,Scotland,West Bromwich Albion
F. Fernández,76,Argentina,Newcastle United
J. Martínez,76,Colombia,Portimonense SC
C. Benteke,76,Belgium,Crystal Palace
C. Riveros,76,Paraguay,Paraguay
D. Santon,76,Italy,Roma
I. Ordets,76,Ukraine,Shakhtar Donetsk
S. Doumbia,76,Ivory Coast,Girona FC
L. López,76,Argentina,Boca Juniors
L. Baines,76,England,Everton
J. Vázquez,76,Mexico,Santos Laguna
J. Lössl,76,Denmark,Huddersfield Town
J. Clasie,76,Netherlands,Feyenoord
S. Brown,76,Scotland,Celtic
G. Castro,76,Germany,VfB Stuttgart
F. Borini,76,Italy,Milan
D. Reyes,76,Mexico,CD Leganés
J. Izquierdo,76,Colombia,Brighton & Hove Albion
E. Çolak,76,Turkey,Al Wehda
M. Uribe,76,Colombia,Colombia
M. Esser,76,Germany,Hannover 96
V. Germain,76,France,Olympique de Marseille
F. Acheampong,76,Ghana,Tianjin TEDA FC
S. Langkamp,76,Germany,SV Werder Bremen
A. Barnes,76,Austria,Burnley
M. Livaja,76,Croatia,AEK Athens
E. Andrada,76,Argentina,Boca Juniors
V. Behrami,76,Switzerland,Udinese
A. Nagy,76,Hungary,Bologna
K. Malcuit,76,France,Napoli
D. D'Ambrosio,76,Italy,Inter
B. Dočkal,76,Czech Republic,Sparta Praha
V. Berisha,76,Kosovo,Lazio
J. Rodriguez,76,England,West Bromwich Albion
G. Fernández,76,Argentina,Racing Club
R. Holding,76,England,Arsenal
Y. Salibur,76,France,AS Saint-Étienne
M. Simon,76,Nigeria,Levante UD
N. Chalobah,76,England,Watford
B. Henrichs,76,Germany,AS Monaco
F. Belluschi,76,Argentina,San Lorenzo de Almagro
T. Kraft,76,Germany,Hertha BSC
A. Rusnák,76,Slovakia,Real Salt Lake
A. Gomis,76,Senegal,SPAL
Y. Sabaly,76,Senegal,FC Girondins de Bordeaux
R. Ruidíaz,76,Peru,Seattle Sounders FC
N. Nández,76,Uruguay,Uruguay
O. El Kaddouri,76,Morocco,PAOK
I. Opara,76,United States,Minnesota United FC
C. Clark,76,Republic of Ireland,Newcastle United
M. de Roon,76,Netherlands,Atalanta
B. Dzsudzsák,76,Hungary,Hungary
S. Proto,76,Belgium,Lazio
C. Erkin,76,Turkey,Beşiktaş JK
K. Dolberg,76,Denmark,Ajax
D. Gayle,76,England,West Bromwich Albion
S. Zuber,76,Switzerland,VfB Stuttgart
D. Brosinski,76,Germany,1. FSV Mainz 05
L. Zuffi,76,Switzerland,FC Basel 1893
A. Westwood,76,England,Burnley
P. van Aanholt,76,Netherlands,Crystal Palace
A. Lunin,76,Ukraine,CD Leganés
L. Rodríguez,76,Argentina,Club Atlético Colón
R. Knoche,76,Germany,VfL Wolfsburg
R. Steffen,76,Switzerland,VfL Wolfsburg
L. Kalinić,76,Croatia,Aston Villa
R. Snodgrass,76,Scotland,West Ham United
A. Paschalakis,76,Greece,PAOK
C. Salcedo,76,Mexico,Tigres U.A.N.L.
R. Brady,76,Republic of Ireland,Burnley
L. Unnerstall,76,Germany,VVV-Venlo
T. Baumgartl,76,Germany,VfB Stuttgart
C. Biraghi,76,Italy,Fiorentina
T. Souček,76,Czech Republic,SK Slavia Praha
J. Grealish,76,England,Aston Villa
O. Romero,76,Paraguay,Shanghai Greenland Shenhua FC
N. Viergever,76,Netherlands,PSV
A. Cresswell,76,England,West Ham United
G. Cabral,76,Argentina,RC Celta
M. Antenucci,76,Italy,SPAL
W. Reid,76,New Zealand,West Ham United
B. Santamaria,76,France,Angers SCO
D. Pelkas,76,Greece,PAOK
D. Zagadou,76,France,Borussia Dortmund
J. Gnagnon,76,France,Sevilla FC
T. Koubek,76,Czech Republic,Stade Rennais FC
F. Montero,76,Colombia,Vancouver Whitecaps FC
F. Neuhaus,76,Germany,Borussia Mönchengladbach
P. Zabaleta,76,Argentina,West Ham United
M. Maignan,76,France,LOSC Lille
S. Bocchetti,76,Italy,Spartak Moscow
S. Denswil,76,Netherlands,Club Brugge KV
A. Halilović,76,Croatia,Standard de Liège
R. Funes Mori,76,Argentina,Monterrey
M. Pašalić,76,Croatia,Atalanta
E. Valencia,76,Ecuador,Ecuador
H. Nordtveit,76,Norway,Fulham
M. Gaćinović,76,Serbia,Eintracht Frankfurt
S. Kverkvelia,76,Georgia,Lokomotiv Moscow
A. Ranocchia,76,Italy,Inter
S. Taïder,76,Algeria,Montreal Impact
E. Balanta,76,Colombia,FC Basel 1893
A. Hutchinson,76,Canada,Beşiktaş JK
M. Moralez,76,Argentina,New York City FC
C. Austin,76,England,Southampton
J. Morel,76,Madagascar,Olympique Lyonnais
A. Touré,76,France,FC Nantes
G. Gönül,76,Turkey,Beşiktaş JK
A. Paloschi,76,Italy,SPAL
Y. Gerhardt,76,Germany,VfL Wolfsburg
A. Knockaert,76,France,Brighton & Hove Albion
J. Veltman,76,Netherlands,Ajax
N. Sansone,76,Italy,Bologna
A. Turan,76,Turkey,Medipol Başakşehir FK
H. Seferović,76,Switzerland,Switzerland
J. Ayew,76,Ghana,Crystal Palace
F. Caputo,76,Italy,Empoli
M. Locatelli,76,Italy,Sassuolo
S. Hanni,76,Algeria,Spartak Moscow
T. Monconduit,76,France,Amiens SC
N. Mukiele,76,France,RB Leipzig
J. Willems,76,Netherlands,Eintracht Frankfurt
A. Lennon,76,England,Burnley
M. Veljković,76,Serbia,SV Werder Bremen
I. Belfodil,76,Algeria,TSG 1899 Hoffenheim
D. Stephens,76,England,Brighton & Hove Albion
A. Smith,76,England,Bournemouth
W. Vainqueur,76,France,AS Monaco
M. Casco,76,Argentina,River Plate
I. Popov,76,Bulgaria,Bulgaria
M. Grujić,76,Serbia,Hertha BSC
A. Soumaoro,76,France,LOSC Lille
A. Diawara,76,Guinea,Napoli
R. Hamouma,76,France,AS Saint-Étienne
K. Stöger,76,Austria,Fortuna Düsseldorf
T. Cleverley,76,England,Watford
S. Bell,76,Germany,1. FSV Mainz 05
K. Linetty,76,Poland,Sampdoria
A. N'Diaye,76,Senegal,Málaga CF
Y. Yazıcı,76,Turkey,Trabzonspor
M. Lopez,76,France,Olympique de Marseille
B. Oczipka,76,Germany,FC Schalke 04
F. Valverde,76,Uruguay,Real Madrid
M. Benítez,76,Argentina,Independiente
M. Vorm,76,Netherlands,Tottenham Hotspur
O. Toivonen,76,Sweden,Melbourne Victory
K. Laimer,76,Austria,RB Leipzig
J. Bamba,76,France,LOSC Lille
R. Marin,76,Romania,Standard de Liège
L. Skorupski,76,Poland,Bologna
N. Mendy,76,France,Leicester City
F. Bartels,76,Germany,SV Werder Bremen
J. Jankto,76,Czech Republic,Sampdoria
A. Szalai,76,Hungary,TSG 1899 Hoffenheim
O. Duarte,76,Costa Rica,RCD Espanyol
H. Onyekuru,76,Nigeria,Galatasaray SK
G. Moreno,76,Colombia,Shanghai Greenland Shenhua FC
P. Skjelbred,76,Norway,Hertha BSC
A. Carroll,76,England,West Ham United
G. Töre,76,Turkey,Beşiktaş JK
L. Teodorczyk,76,Poland,Udinese
T. Rogić,76,Australia,Celtic
J. Cuadrado,76,Colombia,Atlético Nacional
R. Pizarro,76,Mexico,Monterrey
E. Vargas,76,Chile,Tigres U.A.N.L.
D. Heintz,76,Germany,SC Freiburg
N. Vukčević,76,Montenegro,Levante UD
L. Magallán,76,Argentina,Ajax
B. Ndiaye,76,Senegal,Galatasaray SK
T. Jedvaj,76,Croatia,Bayer 04 Leverkusen
C. Hérelle,76,France,OGC Nice
M. Darmian,76,Italy,Manchester United
S. Widmer,76,Switzerland,FC Basel 1893
A. Haidara,76,Mali,RB Leipzig
Y. Ōsako,76,Japan,SV Werder Bremen
C. Villanueva,76,Chile,Al Ittihad
A. Meret,76,Italy,Napoli
J. Locadia,76,Netherlands,Brighton & Hove Albion
A. Gray,76,England,Watford
S. Blanco,76,Argentina,Portland Timbers
L. Sigali,76,Argentina,Racing Club
L. Nguyen,76,United States,Los Angeles FC
O. Alonso,76,Cuba,Minnesota United FC
D. Chygrynskyi,76,Ukraine,AEK Athens
P. Mantalos,76,Greece,AEK Athens
A. Diamanti,76,Italy,Livorno
I. Slimani,76,Algeria,Fenerbahçe SK
F. Klaus,76,Germany,VfL Wolfsburg
A. Samaris,76,Greece,SL Benfica
J. Hopf,76,Sweden,MKE Ankaragücü
A. Djiku,76,France,Stade Malherbe Caen
Y. Mutō,76,Japan,Newcastle United
J. Hogg,76,England,Huddersfield Town
L. Acosta,76,Argentina,Club Atlético Lanús
Y. Osorio,75,Venezuela,Venezuela
E. Mas,75,Argentina,Boca Juniors
V. Janssen,75,Netherlands,Tottenham Hotspur
C. Luyindama,75,DR Congo,Galatasaray SK
P. Gazzaniga,75,Argentina,Tottenham Hotspur
P. Lasne,75,France,Montpellier HSC
C. Zambrano,75,Peru,FC Basel 1893
S. Johnstone,75,England,West Bromwich Albion
L. Vietto,75,Argentina,Fulham
A. Ring,75,Finland,New York City FC
A. Hamdallah,75,Morocco,Al Nassr
K. Gibbs,75,England,West Bromwich Albion
F. Ricca,75,Uruguay,Málaga CF
D. González,75,Argentina,Club Tijuana
H. Ayala,75,Mexico,Tigres U.A.N.L.
A. Hansen,75,Norway,Rosenborg BK
L. Holtby,75,Germany,Hamburger SV
T. Serero,75,South Africa,Vitesse
N. Maupay,75,France,Brentford
A. El Khayati,75,Netherlands,ADO Den Haag
F. Schär,75,Switzerland,Newcastle United
J. Rodríguez,75,Uruguay,Uruguay
T. Savanier,75,France,Nîmes Olympique
B. Jones,75,Australia,Al Nassr
G. Konan,75,Ivory Coast,Stade de Reims
C. Rius,75,Argentina,Defensa y Justicia
R. Thomas,75,France,Angers SCO
D. Calvert-Lewin,75,England,Everton
A. Roa,75,Colombia,Club Atlético Huracán
Y. Atal,75,Algeria,OGC Nice
T. Davies,75,England,Everton
J. Toornstra,75,Netherlands,Feyenoord
S. Mounié,75,Benin,Huddersfield Town
P. Capelle,75,France,Angers SCO
J. Ikoné,75,France,LOSC Lille
J. Drmić,75,Switzerland,Borussia Mönchengladbach
M. Caruzzo,75,Argentina,Rosario Central
M. Coco,75,France,En Avant de Guingamp
N. Mazraoui,75,Morocco,Ajax
K. Babacar,75,Senegal,Sassuolo
S. Ribas,75,Uruguay,Club Atlético Lanús
P. Baysse,75,France,Stade Malherbe Caen
A. McGregor,75,Scotland,Rangers FC
R. Sessegnon,75,England,Fulham
J. Altidore,75,United States,Toronto FC
O. Elabdellaoui,75,Norway,Olympiacos CFP
A. Blake,75,Jamaica,Philadelphia Union
S. Ilsanker,75,Austria,RB Leipzig
O. Martínez,75,Paraguay,Club Atlas
A. Pérez,75,Colombia,Independiente Santa Fe
D. Congré,75,France,Montpellier HSC
Y. Benzia,75,Algeria,Fenerbahçe SK
W. Hennessey,75,Wales,Crystal Palace
S. Padt,75,Netherlands,FC Groningen
M. Zeegelaar,75,Netherlands,Udinese
P. Cissé,75,Senegal,Alanyaspor
M. Fritzler,75,Argentina,Club Atlético Colón
R. Falk,75,Denmark,FC København
A. Conti,75,Italy,Milan
T. Kolodziejczak,75,France,AS Saint-Étienne
G. Kakuta,75,DR Congo,Rayo Vallecano
J. Damm,75,Mexico,Tigres U.A.N.L.
G. Nkoudou,75,France,AS Monaco
N. Maksimović,75,Serbia,Getafe CF
M. Saracchi,75,Uruguay,RB Leipzig
G. Carrillo,75,Argentina,CD Leganés
J. Koundé,75,France,FC Girondins de Bordeaux
L. De Silvestri,75,Italy,Torino
C. Budescu,75,Romania,Al Shabab
R. Donk,75,Netherlands,Galatasaray SK
A. Barreca,75,Italy,Newcastle United
D. Benaglio,75,Switzerland,AS Monaco
A. Franco,75,Argentina,Independiente
L. Rossettini,75,Italy,Chievo Verona
J. Kurtić,75,Slovenia,SPAL
F. Viviani,75,Italy,Frosinone
N. Nikolić,75,Hungary,Chicago Fire
G. Haraguchi,75,Japan,Hannover 96
B. Feilhaber,75,United States,Colorado Rapids
J. Bruma,75,Netherlands,FC Schalke 04
Y. Ayoub,75,Morocco,Feyenoord
K. Amian,75,France,Toulouse Football Club
O. Akhmedov,75,Uzbekistan,Shanghai SIPG FC
A. Hernández,75,Uruguay,PFC CSKA Moscow
S. Vokes,75,Wales,Stoke City
A. Wakaso,75,Ghana,Vitória Guimarães
L. Vangioni,75,Argentina,Monterrey
D. Brooks,75,Wales,Bournemouth
E. Audero,75,Italy,Sampdoria
A. Maier,75,Germany,Hertha BSC
D. Chará,75,Colombia,Portland Timbers
P. Ntep,75,Cameroon,VfL Wolfsburg
A. Grassi,75,Italy,Parma
G. Imbula,75,France,Rayo Vallecano
L. Schaub,75,Austria,1. FC Köln
J. Amavi,75,France,Olympique de Marseille
A. Potuk,75,Turkey,Fenerbahçe SK
P. Tschauner,75,Germany,FC Ingolstadt 04
S. Rajković,75,Serbia,Palermo
V. Hernández,75,Colombia,Atlético Nacional
B. Poulain,75,France,Club Brugge KV
C. Kerbrat,75,France,En Avant de Guingamp
V. Cáceres,75,Paraguay,Paraguay
M. Silvestre,75,Italy,Empoli
O. Norwood,75,Northern Ireland,Sheffield United
F. Rønnow,75,Denmark,Eintracht Frankfurt
R. Khedira,75,Germany,FC Augsburg
M. Risse,75,Germany,1. FC Köln
F. Frei,75,Switzerland,FC Basel 1893
N. Araújo,75,Mexico,RC Celta
M. Rodríguez,75,Argentina,Newell's Old Boys
R. Quaison,75,Sweden,1. FSV Mainz 05
E. Durm,75,Germany,Huddersfield Town
Z. Steffen,75,United States,Columbus Crew SC
S. Armstrong,75,Scotland,Southampton
D. Bronn,75,Tunisia,KAA Gent
K. Billiat,75,Zimbabwe,Kaizer Chiefs
D. Machís,75,Venezuela,Cádiz CF
E. Cabaco,75,Uruguay,Levante UD
M. Stoch,75,Slovakia,SK Slavia Praha
S. van Beek,75,Netherlands,Feyenoord
M. Braithwaite,75,Denmark,CD Leganés
S. Ghoddos,75,Iran,Amiens SC
M. Agu,75,Nigeria,Vitória de Setúbal
Y. Gazinskiy,75,Russia,Russia
A. Morelos,75,Colombia,Rangers FC
L. Koné,75,Ivory Coast,RC Strasbourg Alsace
T. Bongonda,75,Belgium,SV Zulte-Waregem
T. Arslan,75,Germany,Fenerbahçe SK
J. Furch,75,Argentina,Santos Laguna
S. Cristóforo,75,Uruguay,Getafe CF
O. Şahiner,75,Turkey,Atiker Konyaspor
I. Traoré,75,Ivory Coast,Angers SCO
J. Hernández,75,Mexico,Pachuca
L. Dimata,75,Belgium,RSC Anderlecht
J. Hendrick,75,Republic of Ireland,Burnley
A. Ademi,75,FYR Macedonia,Dinamo Zagreb
R. Petrović,75,Serbia,Sporting CP
T. Kádár,75,Hungary,Dynamo Kyiv
L. Butelle,75,France,Angers SCO
M. Rog,75,Croatia,Sevilla FC
Y. Lodygin,75,Russia,Olympiacos CFP
F. Gutiérrez,75,Chile,Sporting Kansas City
M. Ninković,75,Serbia,Sydney FC
L. Lerager,75,Denmark,Genoa
L. Refaelov,75,Israel,Royal Antwerp FC
D. Tarasov,75,Russia,Lokomotiv Moscow
M. Zajc,75,Slovenia,Fenerbahçe SK
J. Stanislas,75,England,Bournemouth
C. Jallet,75,France,OGC Nice
N. Redmond,75,England,Southampton
S. Okazaki,75,Japan,Leicester City
O. Kamara,75,Norway,LA Galaxy
R. Karsdorp,75,Netherlands,Roma
D. Valdés,75,Chile,Chile
M. Gonalons,75,France,Sevilla FC
M. Jensen,75,Denmark,RC Celta
F. Guarín,75,Colombia,Shanghai Greenland Shenhua FC
B. Butko,75,Ukraine,Shakhtar Donetsk
L. Cigarini,75,Italy,Cagliari
A. Musa,75,Nigeria,Al Nassr
M. Morozyuk,75,Ukraine,Çaykur Rizespor
G. Schennikov,75,Russia,PFC CSKA Moscow
T. Foket,75,Belgium,Stade de Reims
J. Briand,75,France,FC Girondins de Bordeaux
P. Foden,75,England,Manchester City
I. Kahveci,75,Turkey,Medipol Başakşehir FK
D. Rolán,75,Uruguay,Deportivo Alavés
C. Théréau,75,France,Cagliari
B. Valdez,75,Paraguay,Club América
M. Konaté,75,Senegal,Amiens SC
R. Thomas,75,New Zealand,PSV
J. Kluivert,75,Netherlands,Roma
P. Tau,75,South Africa,South Africa
A. Boruc,75,Poland,Bournemouth
S. Larsson,75,Sweden,Feyenoord
J. Urretaviscaya,75,Uruguay,Monterrey
Y. Aït Bennasser,75,Morocco,AS Saint-Étienne
P. Bernardoni,75,France,Nîmes Olympique
A. Mounier,75,France,Panathinaikos FC
M. Isla,75,Chile,Fenerbahçe SK
J. Brenet,75,Netherlands,TSG 1899 Hoffenheim
R. Skov,75,Denmark,FC København
R. Otero,75,Venezuela,Venezuela
W. McKennie,75,United States,FC Schalke 04
J. Tavernier,75,England,Rangers FC
S. Kalu,75,Nigeria,FC Girondins de Bordeaux
A. Masuaku,75,DR Congo,West Ham United
A. Duncan,75,Ghana,Sassuolo
S. Sturaro,75,Italy,Genoa
V. Buyalskyi,75,Ukraine,Dynamo Kyiv
H. Arter,75,Republic of Ireland,Cardiff City
M. Sarr,75,France,OGC Nice
I. Fernández,75,Argentina,River Plate
H. Hateboer,75,Netherlands,Atalanta
L. Balogun,75,Nigeria,Brighton & Hove Albion
F. Niederlechner,75,Germany,SC Freiburg
P. Schwegler,75,Switzerland,Hannover 96
B. Pearson,75,England,Preston North End
F. Hanin,75,France,Vitória Guimarães
L. Deaux,75,France,En Avant de Guingamp
C. Günter,75,Germany,SC Freiburg
O. Onazi,75,Nigeria,Trabzonspor
P. Dummett,75,Wales,Newcastle United
R. Özcan,75,Austria,Bayer 04 Leverkusen
J. Montero,75,Ecuador,West Bromwich Albion
O. Murillo,75,Colombia,Colombia
L. Zelarayán,75,Argentina,Tigres U.A.N.L.
A. Umar,75,Nigeria,Çaykur Rizespor
M. Kelly,75,England,Crystal Palace
M. Diagne,75,Senegal,Galatasaray SK
G. Ferrari,75,Italy,Sassuolo
S. Dann,75,England,Crystal Palace
M. Pavlović,75,Croatia,Angers SCO
A. Surman,75,England,Bournemouth
E. Badu,75,Ghana,Udinese
F. Kainz,75,Austria,1. FC Köln
K. Vermeer,75,Netherlands,Feyenoord
A. Solari,75,Argentina,Racing Club
D. Bonera,75,Italy,Villarreal CF
L. Quiñones,75,Colombia,Tigres U.A.N.L.
M. Leckie,75,Australia,Hertha BSC
N. Radoja,75,Serbia,RC Celta
I. Amadou,75,France,Sevilla FC
T. Abraham,75,England,Aston Villa
J. Mæhle,75,Denmark,KRC Genk
G. Donsah,75,Ghana,Bologna
D. Pabón,75,Colombia,Monterrey
L. Krejčí,75,Czech Republic,Bologna
S. Sinclair,75,England,Celtic
B. Jokič,75,Slovenia,Slovenia
N. Sánchez,75,Argentina,Monterrey
F. Marchetti,75,Italy,Genoa
M. Thuram,75,France,En Avant de Guingamp
S. Romero,75,Argentina,Independiente
M. Flamini,75,France,Getafe CF
V. Ignatiev,75,Russia,Lokomotiv Moscow
S. Mitrović,75,Serbia,RC Strasbourg Alsace
J. Hansen,75,Denmark,FC Midtjylland
O. Idrissi,75,Morocco,AZ Alkmaar
T. Didillon,75,France,RSC Anderlecht
S. Kums,75,Belgium,RSC Anderlecht
K. Akpoguma,75,Germany,Hannover 96
T. Jantschke,75,Germany,Borussia Mönchengladbach
M. Suárez,75,Argentina,River Plate
E. Moretti,75,Italy,Torino
N. Stanciu,75,Romania,Romania
W. Caballero,75,Argentina,Chelsea
T. Klose,75,Switzerland,Norwich City
H. Behrens,75,Germany,1. FC Nürnberg
C. Taylor,75,England,Burnley
D. Torres,75,Colombia,Albacete BP
R. Saravia,75,Argentina,Argentina
M. Cornet,75,Ivory Coast,Olympique Lyonnais
M. Schnatterer,75,Germany,1. FC Heidenheim 1846
D. Lukebakio,75,Belgium,Fortuna Düsseldorf
D. Gray,75,England,Leicester City
A. Lookman,75,England,Everton
Z. Labyad,75,Morocco,Ajax
M. Destro,75,Italy,Bologna
D. Mbokani,75,DR Congo,Royal Antwerp FC
M. Terrier,75,France,Olympique Lyonnais
T. Mangani,75,France,Angers SCO
L. Sepe,75,Italy,Parma
D. Glushakov,75,Russia,Spartak Moscow
H. Soudani,75,Algeria,Nottingham Forest
D. Türüç,75,Turkey,Kayserispor
H. Villalba,75,Paraguay,Atlanta United
A. Hurtado,75,Colombia,Monterrey
F. Bachirou,75,Comoros,Malmö FF
R. Rodelin,75,France,En Avant de Guingamp
A. Donnarumma,75,Italy,Brescia
P. Pekarík,75,Slovakia,Hertha BSC
A. Romao,75,Togo,Stade de Reims
D. Aogo,75,Germany,VfB Stuttgart
S. Kryvtsov,75,Ukraine,Shakhtar Donetsk
A. Elis,75,Honduras,Houston Dynamo
M. Fernández,75,Chile,Chile
N. Vlašić,75,Croatia,PFC CSKA Moscow
A. Ounas,75,Algeria,Napoli
D. Boyata,75,Belgium,Celtic
F. Uduokhai,75,Germany,VfL Wolfsburg
A. Martín Arias,75,Argentina,Gimnasia y Esgrima La Plata
O. Peralta,75,Mexico,Club América
M. Ødegaard,75,Norway,Vitesse
V. Lazaro,75,Austria,Hertha BSC
M. Gulde,75,Germany,SC Freiburg
S. Bolat,75,Turkey,Royal Antwerp FC
J. Gondorf,75,Germany,SC Freiburg
S. İnan,75,Turkey,Galatasaray SK
C. Maggio,75,Italy,Benevento
V. Claesson,75,Sweden,Sweden
F. Magnanelli,75,Italy,Sassuolo
C. Toselli,75,Chile,Universidad Católica
P. Hurtado,75,Peru,Atiker Konyaspor
S. García,75,Argentina,Deportivo Toluca
M. Wakaso,75,Ghana,Deportivo Alavés
M. Bizot,75,Netherlands,AZ Alkmaar
K. Ayhan,75,Turkey,Fortuna Düsseldorf
M. Jajalo,75,Bosnia Herzegovina,Palermo
J. Campbell,75,Costa Rica,Club León
L. Antonelli,75,Italy,Empoli
M. Mevlja,75,Slovenia,Slovenia
V. Guzmán,75,Mexico,Mexico
B. Engels,75,Belgium,Stade de Reims
A. Flint,75,England,Middlesbrough
C. Daniels,75,England,Bournemouth
K. Kanga,75,Gabon,Sparta Praha
C. McGregor,75,Scotland,Celtic
L. Rigoni,75,Italy,Parma
J. Fernandes,75,Chile,Alanyaspor
K. Djidji,75,Ivory Coast,Torino
T. Pukki,75,Finland,Norwich City
Y. Abdelhamid,75,Morocco,Stade de Reims
K. Stafylidis,75,Greece,FC Augsburg
M. Barbosa,75,Argentina,Villarreal CF
M. Diamé,75,Senegal,Newcastle United
D. Cataldi,75,Italy,Lazio
R. Mandragora,75,Italy,Udinese
E. Mendy,75,Senegal,Stade de Reims
J. Barrera,75,Colombia,Rosario Central
J. Haberer,75,Germany,SC Freiburg
G. Shoji,75,Japan,Toulouse Football Club
E. N'Dicka,75,France,Eintracht Frankfurt
A. Younes,75,Germany,Napoli
M. Yoshida,75,Japan,Southampton
C. Cueva,75,Peru,Peru
N. Dirar,75,Morocco,Fenerbahçe SK
M. Krmenčík,75,Czech Republic,Viktoria Plzeň
J. Figal,75,Argentina,Independiente
N. Roux,75,France,En Avant de Guingamp
J. Mikel,75,Nigeria,Middlesbrough
D. Biseswar,75,Netherlands,PAOK
G. Kashia,75,Georgia,San Jose Earthquakes
S. Missiroli,75,Italy,SPAL
C. Davies,75,England,Derby County
J. Alonso,75,Paraguay,Paraguay
S. Serdar,75,Germany,FC Schalke 04
D. Bocanegra,75,Colombia,Atlético Nacional
G. dos Santos,75,Mexico,LA Galaxy
K. Fofana,75,Ivory Coast,Côte d'Ivoire
K. Traoré,75,Ivory Coast,Côte d'Ivoire
M. Valdifiori,75,Italy,SPAL
S. Fofana,75,Ivory Coast,Udinese
R. Ghezzal,75,Algeria,Leicester City
R. Ibarra,75,Ecuador,Ecuador
F. Helander,75,Sweden,Bologna
L. González Pirez,75,Argentina,Atlanta United
R. Bensebaini,75,Algeria,Stade Rennais FC
S. Francis,75,England,Bournemouth
W. Hoedt,75,Netherlands,RC Celta
H. Medunjanin,75,Bosnia Herzegovina,Philadelphia Union
F. Jara,75,Argentina,Pachuca
P. Retsos,75,Greece,Bayer 04 Leverkusen
Y. Sankharé,75,Senegal,FC Girondins de Bordeaux
G. Herrera,75,Argentina,Club Atlético Talleres
D. Rodríguez,75,Uruguay,Club Tijuana
J. Hernández,75,Colombia,SD Huesca
M. Vargas,75,Argentina,Vélez Sarsfield
J. Corona,75,Mexico,Mexico
E. Paredes,75,Chile,Chile
A. Touré,74,Mali,Eintracht Frankfurt
S. Dzhanaev,74,Russia,Miedź Legnica
P. Goltz,74,Argentina,Boca Juniors
R. Cohade,74,France,FC Metz
J. Gallardo,74,Mexico,Mexico
S. Corchia,74,France,SL Benfica
B. Mensah,74,Ghana,Kayserispor
D. Padelli,74,Italy,Inter
Y. Ravet,74,France,Grasshopper Club Zürich
J. Biabiany,74,France,Parma
H. Barnes,74,England,Leicester City
C. Awaziem,74,Nigeria,Çaykur Rizespor
D. Tošić,74,Serbia,Guangzhou R&F FC
G. Margreitter,74,Austria,1. FC Nürnberg
I. Iličević,74,Croatia,1. FC Nürnberg
L. Sobiech,74,Germany,1. FC Köln
M. Degenek,74,Australia,Australia
A. Tameze,74,France,OGC Nice
M. Pasqual,74,Italy,Empoli
D. Kourmpelis,74,Greece,Panathinaikos FC
E. Dilaver,74,Austria,Dinamo Zagreb
O. Watkins,74,England,Brentford
T. Melia,74,United States,Sporting Kansas City
S. Dewaest,74,Belgium,KRC Genk
G. Arias,74,Chile,Chile
J. Chester,74,Wales,Aston Villa
J. Korb,74,Germany,Hannover 96
B. Gibson,74,England,Burnley
H. Wolf,74,Austria,FC Red Bull Salzburg
Y. Khacheridi,74,Ukraine,PAOK
F. Silva,74,Chile,Independiente
S. Gümüş,74,Germany,Galatasaray SK
J. Silva,74,Argentina,CD Leganés
L. Ciman,74,Belgium,Toronto FC
R. Tapia,74,Peru,Willem II
E. Pieters,74,Netherlands,Amiens SC
G. Charbonnier,74,France,Stade Brestois 29
R. Jack,74,Scotland,Rangers FC
L. Jara,74,Argentina,DC United
I. Kutepov,74,Russia,Spartak Moscow
E. Saric,74,Bosnia Herzegovina,Suwon Samsung Bluewings
A. Semenov,74,Russia,Russia
L. Crisetig,74,Italy,Benevento
T. Koopmeiners,74,Netherlands,AZ Alkmaar
R. van Wolfswinkel,74,Netherlands,FC Basel 1893
J. Geis,74,Germany,1. FC Köln
J. Svensson,74,Norway,AZ Alkmaar
F. Soldano,74,Argentina,Olympiacos CFP
L. Hinterseer,74,Austria,VfL Bochum 1848
A. Beck,74,Germany,VfB Stuttgart
K. Roofe,74,England,Leeds United
D. Royer,74,Austria,New York Red Bulls
K. Lawrence,74,Jamaica,New York Red Bulls
P. Verhaegh,74,Netherlands,VfL Wolfsburg
C. Hourihane,74,Republic of Ireland,Aston Villa
N. Vikonis,74,Uruguay,Puebla FC
M. Bešić,74,Bosnia Herzegovina,Middlesbrough
P. Kunde Malong,74,Cameroon,1. FSV Mainz 05
R. Cota,74,Mexico,Club León
C. Coady,74,England,Wolverhampton Wanderers
O. Kayode,74,Nigeria,Shakhtar Donetsk
M. Mount,74,England,Derby County
T. Sippel,74,Germany,Borussia Mönchengladbach
B. Nuytinck,74,Netherlands,Udinese
E. Álvarez,74,Mexico,Mexico
R. Strebinger,74,Austria,Austria
F. Castillo,74,Colombia,Club Tijuana
J. Kembo-Ekoko,74,DR Congo,Bursaspor
A. Ioniţă,74,Moldova,Cagliari
L. Robles,74,United States,New York Red Bulls
K. Wimmer,74,Austria,Hannover 96
C. Atsu,74,Ghana,Newcastle United
A. Hassan,74,Egypt,Olympiacos CFP
M. Kempf,74,Germany,VfB Stuttgart
A. Ulmer,74,Austria,Austria
B. Zuculini,74,Argentina,River Plate
J. van der Heijden,74,Netherlands,Feyenoord
J. Boëtius,74,Netherlands,1. FSV Mainz 05
V. Kovalenko,74,Ukraine,Shakhtar Donetsk
J. Stryger Larsen,74,Denmark,Udinese
D. Nagbe,74,United States,Atlanta United
S. Sosa,74,Uruguay,Monarcas Morelia
L. Martínez Quarta,74,Argentina,River Plate
G. Lapadula,74,Italy,Genoa
L. Grant,74,England,Manchester United
G. Sakai,74,Japan,Hamburger SV
G. Shinnie,74,Scotland,Aberdeen
N. Murru,74,Italy,Sampdoria
A. El Ghazi,74,Netherlands,Aston Villa
R. Czichos,74,Germany,1. FC Köln
J. Bowen,74,England,Hull City
F. Mora,74,Chile,U.N.A.M.
F. Pogba,74,Guinea,Atlanta United
L. Sané,74,Senegal,Orlando City SC
L. Martínez,74,Argentina,Defensa y Justicia
C. Gordon,74,Scotland,Celtic
B. Ecuélé Manga,74,Gabon,Cardiff City
J. Córdoba,74,Colombia,1. FC Köln
V. Rosier,74,France,Dijon FCO
P. Žulj,74,Austria,RSC Anderlecht
B. Dibassy,74,Mali,Amiens SC
D. Simpson,74,England,Leicester City
E. Gnahoré,74,France,Amiens SC
A. Masina,74,Italy,Watford
D. Kreilach,74,Croatia,Real Salt Lake
D. Rice,74,Republic of Ireland,West Ham United
Y. Gómez Andrade,74,Colombia,Unión de Santa Fe
S. Deli,74,Ivory Coast,SK Slavia Praha
P. Aguedar,74,Paraguay,Paraguay
G. Ortíz,74,Argentina,Club Atlético Colón
B. Verstraete,74,Belgium,KAA Gent
S. Grandsir,74,France,RC Strasbourg Alsace
A. Raggi,74,Italy,AS Monaco
A. Besedin,74,Ukraine,Dynamo Kyiv
I. Santini,74,Croatia,RSC Anderlecht
M. Ngadeu-Ngadjui,74,Cameroon,SK Slavia Praha
R. Martínez,74,Colombia,Club América
E. Mena,74,Chile,Chile
M. Lemos,74,Uruguay,Sassuolo
W. Tesillo,74,Colombia,Club León
K. Phillips,74,England,Leeds United
S. Morrison,74,England,Cardiff City
B. Alemán,74,Uruguay,Ettifaq FC
D. Limberský,74,Czech Republic,Viktoria Plzeň
S. Bahoken,74,Cameroon,Angers SCO
W. Janssen,74,Netherlands,FC Utrecht
N. Etheridge,74,Philippines,Cardiff City
D. N'Doye,74,Senegal,FC København
C. Chambers,74,England,Fulham
E. Dennis,74,Nigeria,Club Brugge KV
O. Şahan,74,Turkey,Trabzonspor
V. Barkas,74,Greece,AEK Athens
A. Long,74,United States,New York Red Bulls
A. Eschenko,74,Russia,Spartak Moscow
S. Okaka,74,Italy,Udinese
R. Gikiewicz,74,Poland,1. FC Union Berlin
A. Oyongo,74,Cameroon,Montpellier HSC
P. Martinez,74,France,RC Strasbourg Alsace
M. Besler,74,United States,Sporting Kansas City
R. Pérez,74,Colombia,Junior FC
J. Larsen,74,Denmark,Borussia Dortmund
J. Ralls,74,England,Cardiff City
G. Giménez,74,Argentina,Vélez Sarsfield
J. Kopic,74,Czech Republic,Viktoria Plzeň
D. Brasanac,74,Serbia,Deportivo Alavés
O. Hiljemark,74,Sweden,Genoa
D. Falcinelli,74,Italy,Bologna
L. Moore,74,England,Reading
S. Grytebust,74,Norway,Odense Boldklub
J. Musso,74,Argentina,Udinese
A. Bedoya,74,United States,Philadelphia Union
J. Babin,74,France,Real Sporting de Gijón
S. Ward,74,Republic of Ireland,Burnley
Y. Cardinale,74,France,OGC Nice
M. Bakalorz,74,Germany,Hannover 96
G. Burdisso,74,Argentina,Independiente
R. Berić,74,Slovenia,AS Saint-Étienne
A. Correa,74,Colombia,Once Caldas
R. Haps,74,Netherlands,Feyenoord
D. Le Tallec,74,France,Montpellier HSC
T. Kędziora,74,Poland,Dynamo Kyiv
P. Chavarría,74,Argentina,Stade de Reims
C. Larin,74,Canada,Beşiktaş JK
P. Hrošovský,74,Slovakia,Viktoria Plzeň
Y. Nagatomo,74,Japan,Galatasaray SK
J. Ferri,74,France,Nîmes Olympique
C. Bassogog,74,Cameroon,Cameroon
F. Zampedri,74,Argentina,Rosario Central
Y. Öztekin,74,Turkey,Göztepe SK
M. Çağıran,74,Turkey,Çaykur Rizespor
I. Strinić,74,Croatia,Milan
H. Lindner,74,Austria,Austria
S. von Bergen,74,Switzerland,BSC Young Boys
J. Sánchez Miño,74,Argentina,Independiente
R. Hubník,74,Czech Republic,Viktoria Plzeň
J. Obi,74,Nigeria,Alanyaspor
D. Viera,74,Paraguay,Godoy Cruz
A. Hack,74,Germany,1. FSV Mainz 05
D. Drexler,74,Germany,1. FC Köln
A. Ćorić,74,Croatia,Roma
S. Falette,74,Guinea,Eintracht Frankfurt
C. Mbemba,74,DR Congo,FC Porto
M. Etxeberría,74,Paraguay,Paraguay
J. Plata,74,Ecuador,Real Salt Lake
V. Misidjan,74,Netherlands,1. FC Nürnberg
F. Hadergjonaj,74,Switzerland,Huddersfield Town
J. Stephens,74,England,Southampton
I. Chochev,74,Bulgaria,Palermo
C. Musonda,74,Belgium,Vitesse
N. Rigoni,74,Italy,Chievo Verona
I. Koné,74,Ivory Coast,Côte d'Ivoire
G. Montiel,74,Argentina,River Plate
A. Souquet,74,France,KAA Gent
J. McGinn,74,Scotland,Aston Villa
L. Depoitre,74,Belgium,Huddersfield Town
A. del Valle,74,Colombia,Querétaro
W. Morelo,74,Colombia,Club Atlético Colón
C. Benavente,74,Peru,Peru
M. Diop,74,Senegal,Beijing Renhe FC
F. Haroun,74,Belgium,Royal Antwerp FC
S. Vilakazi,74,South Africa,South Africa
L. Villafañez,74,Argentina,Alanyaspor
A. Rossi,74,Argentina,Boca Juniors
G. Rodríguez,74,Argentina,San Lorenzo de Almagro
J. Mateta,74,France,1. FSV Mainz 05
F. Bastians,74,Germany,Tianjin TEDA FC
L. Gamba,74,Argentina,Club Atlético Huracán
D. Gosling,74,England,Bournemouth
R. Amalfitano,74,France,Dijon FCO
S. Floccari,74,Italy,SPAL
R. Salin,74,France,Sporting CP
M. Škoda,74,Czech Republic,SK Slavia Praha
A. Mitriţă,74,Romania,New York City FC
J. Kodjia,74,Ivory Coast,Aston Villa
S. Prödl,74,Austria,Watford
F. Forster,74,England,Southampton
V. Laurini,74,France,Fiorentina
P. Diamanka,74,Senegal,CD Numancia
L. Rodríguez,74,Argentina,DC United
I. Sangaré,74,Ivory Coast,Toulouse Football Club
J. Kana-Biyik,74,Cameroon,Kayserispor
R. Saïss,74,Morocco,Wolverhampton Wanderers
J. Mbakogu,74,Nigeria,Padova
A. Briançon,74,France,Nîmes Olympique
S. Johansen,74,Norway,West Bromwich Albion
A. Pulido,74,Mexico,Guadalajara
A. Koné,74,Ivory Coast,Sivasspor
R. Christie,74,Scotland,Celtic
A. Browne,74,Republic of Ireland,Preston North End
M. Zaracho,74,Argentina,Racing Club
B. Dack,74,England,Blackburn Rovers
L. Grabban,74,England,Nottingham Forest
M. Burda,74,Ukraine,Dynamo Kyiv
A. Gianniotis,74,Greece,Olympiacos CFP
C. Beauvue,74,France,Stade Malherbe Caen
A. Mariappa,74,Jamaica,Watford
M. Stendera,74,Germany,Eintracht Frankfurt
I. Pussetto,74,Argentina,Udinese
N. Spolli,74,Argentina,Crotone
D. Amartey,74,Ghana,Leicester City
A. Mawson,74,England,Fulham
K. Théophile-Catherine,74,France,Dinamo Zagreb
J. Ibe,74,England,Bournemouth
A. Ajeti,74,Switzerland,Switzerland
Y. En-Nesyri,74,Morocco,CD Leganés
O. Aina,74,Nigeria,Torino
L. Diony,74,France,AS Saint-Étienne
A. Jahović,74,FYR Macedonia,Atiker Konyaspor
L. Öztunalı,74,Germany,1. FSV Mainz 05
G. Til,74,Netherlands,AZ Alkmaar
Y. Bolasie,74,DR Congo,RSC Anderlecht
M. Jojić,74,Serbia,Medipol Başakşehir FK
M. Britos,74,Uruguay,Watford
H. Traoré,74,Mali,Stade Rennais FC
A. Bjelland,74,Denmark,FC København
M. Rits,74,Belgium,Club Brugge KV
R. Krunić,74,Bosnia Herzegovina,Empoli
R. Sobhi,74,Egypt,Egypt
R. Rey,74,Argentina,PAOK
A. Chumacero,74,Bolivia,Bolivia
T. Bifouma,74,Congo,Yeni Malatyaspor
P. Rosario,74,Netherlands,PSV
T. Reginiussen,74,Norway,Rosenborg BK
A. Gyan,74,Ghana,Kayserispor
E. Ponce,74,Argentina,AEK Athens
P. Gouano,74,France,Amiens SC
J. Fuenzalida,74,Chile,Universidad Católica
A. González,74,Mexico,Monterrey
A. Mena,74,Ecuador,Club León
A. Epureanu,74,Moldova,Medipol Başakşehir FK
M. Rensing,74,Germany,Fortuna Düsseldorf
A. Ramírez,74,Colombia,Atlético Nacional
M. Caraglio,74,Argentina,Cruz Azul
F. Santander,74,Paraguay,Bologna
M. Jensen,74,Denmark,Rosenborg BK
S. Lung,74,Romania,Kayserispor
R. Rosales,74,Venezuela,RCD Espanyol
K. Dolly,74,South Africa,Montpellier HSC
H. Rodallega,74,Colombia,Trabzonspor
S. Schrijvers,74,Belgium,Club Brugge KV
J. Dueñas,74,Mexico,Tigres U.A.N.L.
P. Aguilar,74,Mexico,Club América
D. Vukovic,74,Australia,KRC Genk
N. De Préville,74,France,FC Girondins de Bordeaux
C. Domínguez,74,Paraguay,Independiente
G. Caprari,74,Italy,Sampdoria
A. Ciciretti,74,Italy,Ascoli
G. Bong,74,Cameroon,Brighton & Hove Albion
S. Arfield,74,Canada,Rangers FC
N. Hult,74,Sweden,AEK Athens
O. Zinchenko,74,Ukraine,Manchester City
G. Hauche,74,Argentina,Argentinos Juniors
E. Thommy,74,Germany,VfB Stuttgart
C. Ciano,74,Italy,Frosinone
E. Cardona,74,Colombia,Colombia
F. Mubele,74,DR Congo,Toulouse Football Club
B. Sagna,74,France,Montreal Impact
G. İnler,74,Switzerland,Medipol Başakşehir FK
P. Roberts,74,England,Girona FC
S. Prcić,74,Bosnia Herzegovina,RC Strasbourg Alsace
F. Đuričić,74,Serbia,Sassuolo
T. Sainsbury,74,Australia,PSV
A. Ruiz,74,Argentina,Club Atlético Aldosivi
S. Kırıntılı,74,Turkey,Atiker Konyaspor
E. Sviatchenko,74,Denmark,FC Midtjylland
S. Anđelković,74,Slovenia,Padova
S. Kittel,74,Germany,FC Ingolstadt 04
A. Meier,74,Germany,FC St. Pauli
B. Zungu,74,South Africa,Amiens SC
B. Bereszyński,74,Poland,Sampdoria
A. Katai,74,Serbia,Chicago Fire
C. Pizarro,74,Peru,SV Werder Bremen
H. Canteros,74,Argentina,MKE Ankaragücü
R. Ortiz,74,Paraguay,Paraguay
N. Silva,74,Argentina,Club Atlético Banfield
E. Mor,74,Turkey,RC Celta
M. Hedges,74,United States,FC Dallas
M. Niakhaté,74,France,1. FSV Mainz 05
M. Cabrera,74,Uruguay,Deportivo Cali
J. Buffarini,74,Argentina,Boca Juniors
N. Benedetti,74,Colombia,Club América
R. Bazoer,74,Netherlands,FC Utrecht
C. Träsch,74,Germany,FC Ingolstadt 04
B. Kuwas,74,Curacao,Heracles Almelo
A. Song,74,Cameroon,FC Sion
M. Estigarribia,74,Paraguay,Club Atlético Colón
L. Mothiba,74,South Africa,RC Strasbourg Alsace
A. Bizzarri,74,Argentina,Perugia
O. Pineda,74,Mexico,Cruz Azul
T. Mykhalyk,74,Ukraine,Lokomotiv Moscow
G. Blanco,74,Argentina,Málaga CF
C. Kameni,74,Cameroon,Fenerbahçe SK
C. Fuchs,74,Austria,Leicester City
N. Benezet,74,France,En Avant de Guingamp
A. Erokhin,74,Russia,Russia
E. Kalinski,74,Argentina,Estudiantes de La Plata
G. Cunningham,74,Republic of Ireland,Cardiff City
L. Cabrera,74,Uruguay,Getafe CF
M. Çelik,74,Turkey,LOSC Lille
C. Berra,74,Scotland,Heart of Midlothian
K. Ansarifard,74,Iran,Nottingham Forest
G. Pandev,74,FYR Macedonia,Genoa
P. Billing,74,Denmark,Huddersfield Town
K. Adams Nuhu,74,Ghana,TSG 1899 Hoffenheim
H. Wilson,74,Wales,Derby County
L. Griffiths,74,Scotland,Celtic
A. Fulgini,74,France,Angers SCO
A. González,74,Argentina,Godoy Cruz
G. Svensson,74,Sweden,Seattle Sounders FC
A. Pritchard,74,England,Huddersfield Town
I. Nestorovski,74,FYR Macedonia,Palermo
M. Ishak,74,Sweden,1. FC Nürnberg
C. Paterson,74,Scotland,Cardiff City
F. Di Santo,74,Argentina,Rayo Vallecano
B. Douglas,74,Scotland,Leeds United
J. Bijlow,74,Netherlands,Feyenoord
D. Liénard,74,France,RC Strasbourg Alsace
A. Chahechouhe,74,Morocco,Çaykur Rizespor
Y. Pelé,74,France,Olympique de Marseille
V. Demirel,74,Turkey,Fenerbahçe SK
K. Laifis,74,Cyprus,Standard de Liège
M. Alustiza,74,Argentina,Puebla FC
L. Advíncula,74,Peru,Rayo Vallecano
M. Andújar,74,Argentina,Estudiantes de La Plata
J. Hoilett,74,Canada,Cardiff City
M. Lestienne,74,Belgium,Standard de Liège
L. Cavallini,74,Canada,Canada
J. Durmaz,74,Sweden,Toulouse Football Club
G. Chakvetadze,74,Georgia,KAA Gent
E. Velázquez,74,Uruguay,Rayo Vallecano
J. Bryan,74,England,Fulham
T. Matavž,74,Slovenia,Vitesse
M. Waris,74,Ghana,FC Nantes
L. Cooper,74,Scotland,Leeds United
D. Sakho,74,Senegal,Bursaspor
A. Talavera,74,Mexico,Deportivo Toluca
D. Livaković,74,Croatia,Dinamo Zagreb
R. Álvarez,74,Argentina,Club Atlas
L. Orbán,74,Argentina,Racing Club
A. Di Gaudio,74,Italy,Hellas Verona
J. Vuković,74,Serbia,Olympiacos CFP
M. Zaldivia,74,Argentina,Colo-Colo
J. Iturbe,74,Paraguay,U.N.A.M.
M. Kozáčik,74,Slovakia,Viktoria Plzeň
C. Álvarez,74,Argentina,Real Zaragoza
J. Rodríguez,74,Mexico,Lobos BUAP
E. Roco,74,Chile,Beşiktaş JK
P. De Blasis,74,Argentina,SD Eibar
T. Hlatshwayo,74,South Africa,South Africa
J. Beausejour,74,Chile,Chile
M. Ostrzolek,74,Germany,Hannover 96
J. Błaszczykowski,74,Poland,Wisła Kraków
D. Bouanga,74,Gabon,Nîmes Olympique
R. Botta,74,Argentina,San Lorenzo de Almagro
B. Dabo,74,Burkina Faso,Fiorentina
D. Lazović,74,Serbia,Genoa
L. Marković,74,Serbia,Fulham
K. Konaté,74,Ivory Coast,Côte d'Ivoire
J. Aidoo,74,Ghana,KRC Genk
T. Usami,74,Japan,Fortuna Düsseldorf
E. Room,74,Curacao,PSV
A. Nyom,74,Cameroon,CD Leganés
F. Midtsjø,74,Norway,AZ Alkmaar
M. Ekici,74,Turkey,Fenerbahçe SK
I. Sosa,74,Argentina,Pachuca
L. Melgarejo,74,Paraguay,Spartak Moscow
C. Söyüncü,74,Turkey,Leicester City
M. Vydra,74,Czech Republic,Burnley
K. Iheanacho,74,Nigeria,Leicester City
M. Tisserand,74,DR Congo,VfL Wolfsburg
S. March,74,England,Brighton & Hove Albion
A. Lozano,74,Honduras,Girona FC
L. Waldschmidt,74,Germany,SC Freiburg
K. Kamara,74,Sierra Leone,Colorado Rapids
A. Rebrov,74,Russia,Spartak Moscow
A. Cornelius,74,Denmark,FC Girondins de Bordeaux
M. Le Marchand,74,France,Fulham
P. Diop,74,Spain,Olympique Lyonnais
A. Chedjou,74,Cameroon,Bursaspor
S. Davis,74,Northern Ireland,Rangers FC
S. Özbayraklı,74,Turkey,Fenerbahçe SK
A. Baba,74,Ghana,Stade de Reims
E. Zukanović,74,Bosnia Herzegovina,Genoa
O. Niasse,74,Senegal,Cardiff City
P. Mpoku,74,DR Congo,Standard de Liège
K. McDonald,74,Scotland,Fulham
E. Bauthéac,74,France,Brisbane Roar
H. Saivet,73,Senegal,Bursaspor
A. Baumjohann,73,Germany,Western Sydney Wanderers
T. Letschert,73,Netherlands,FC Utrecht
A. Peñaranda,73,Venezuela,Watford
F. Monetti,73,Argentina,San Lorenzo de Almagro
J. Kovařík,73,Czech Republic,Viktoria Plzeň
D. Musto,73,Argentina,SD Huesca
D. Biraschi,73,Italy,Genoa
R. Genevois,73,Haiti,Stade Malherbe Caen
C. Rigamonti,73,Argentina,Belgrano de Córdoba
R. Gosens,73,Germany,Atalanta
A. Limbombe,73,Belgium,FC Nantes
D. Diekmeier,73,Germany,SV Sandhausen
K. Adénon,73,Benin,Amiens SC
N. Skubic,73,Slovenia,Atiker Konyaspor
A. Hunou,73,France,Stade Rennais FC
R. Krhin,73,Slovenia,FC Nantes
F. Tobio,73,Argentina,Deportivo Toluca
J. Ito,73,Japan,KRC Genk
O. Kucher,73,Ukraine,Kayserispor
J. Leca,73,France,Racing Club de Lens
N. Penneteau,73,France,Sporting de Charleroi
V. Wormgoor,73,Netherlands,SK Brann
L. Miranda,73,Argentina,Defensa y Justicia
M. Shaparenko,73,Ukraine,Dynamo Kyiv
L. Díaz,73,Colombia,Junior FC
S. Kljestan,73,United States,Orlando City SC
Y. Asad,73,Argentina,Vélez Sarsfield
M. Klich,73,Poland,Leeds United
B. Wood,73,United States,Hannover 96
W. Hahn,73,Netherlands,SC Heerenveen
R. Sigurðsson,73,Iceland,Iceland
Y. Banana,73,Cameroon,Cameroon
M. Wagué,73,Mali,Nottingham Forest
W. Montillo,73,Argentina,Club Atlético Tigre
M. Abeid,73,Algeria,Dijon FCO
M. Rzatkowski,73,Germany,New York Red Bulls
L. Fernández,73,Argentina,Vélez Sarsfield
R. Neustädter,73,Russia,Fenerbahçe SK
A. Reach,73,England,Sheffield Wednesday
A. Behich,73,Australia,PSV
K. Nababkin,73,Russia,PFC CSKA Moscow
M. Heller,73,Germany,SV Darmstadt 98
V. Pajot,73,France,Angers SCO
P. Ankersen,73,Denmark,FC København
S. Williams,73,Republic of Ireland,Millwall
O. Tufan,73,Turkey,Alanyaspor
K. Reichel,73,Germany,1. FC Union Berlin
M. Stępiński,73,Poland,Chievo Verona
F. Đorđević,73,Serbia,Chievo Verona
O. Tannane,73,Morocco,FC Utrecht
H. Martín,73,Mexico,Mexico
A. Hruška,73,Czech Republic,Viktoria Plzeň
H. Kaldırım,73,Turkey,Fenerbahçe SK
F. Cacciatore,73,Italy,Cagliari
I. Arboleda,73,Colombia,Colombia
R. Elm,73,Sweden,Kalmar FF
V. Shepelev,73,Ukraine,Dynamo Kyiv
S. Amrabat,73,Morocco,Club Brugge KV
C. Marrugo,73,Colombia,Millonarios FC
A. Zambo Anguissa,73,Cameroon,Fulham
N. Lombaerts,73,Belgium,KV Oostende
L. Janson,73,Argentina,Club Atlético Tigre
M. Diouf,73,Senegal,Stoke City
K. Rausch,73,Russia,Russia
M. Wöber,73,Austria,Sevilla FC
J. Hušbauer,73,Czech Republic,SK Slavia Praha
J. Herrera,73,Chile,Chile
F. Lucioni,73,Italy,Lecce
A. Miranchuk,73,Russia,Lokomotiv Moscow
M. Leitner,73,Germany,Norwich City
W. Trapp,73,United States,Columbus Crew SC
Z. Tomašević,73,Montenegro,KV Oostende
C. Goldson,73,England,Rangers FC
L. Ulloa,73,Argentina,Pachuca
M. Borjan,73,Canada,Canada
N. Tomović,73,Serbia,Chievo Verona
J. Jones,73,Trinidad & Tobago,SV Darmstadt 98
S. Lukić,73,Serbia,Torino
V. Torosidis,73,Greece,Olympiacos CFP
B. Guzan,73,United States,Atlanta United
G. Donati,73,Italy,1. FSV Mainz 05
A. Ujah,73,Nigeria,1. FSV Mainz 05
R. Bezus,73,Ukraine,KAA Gent
Y. Kubo,73,Japan,1. FC Nürnberg
M. Mitrović,73,Croatia,Club Brugge KV
N. Uysal,73,Turkey,Beşiktaş JK
M. Bettinelli,73,England,Fulham
A. Luthe,73,Germany,FC Augsburg
A. Traoré,73,Ivory Coast,Göztepe SK
